Number of Nodes,Probability,Seed,Lower Bound,Lower Bound (normalized),Generic Upper Bound,Generic Upper Bound (normalized),Main Thm Upper Bound,Main Thm Upper Bound (normalized),Greedy Upper Bound,Cotengra Upper Bound,HyperOpt Upper Bound,Largest HSC Rank
15,0.12,100,0.6782991782982968,0.9474102948847222,16.785836091274764,12.186968743018904,16.31404484018864,11.279449066175859,4.0,4.0,4.0,4
15,0.12,101,0.0,0.0,13.90597434098406,8.888888888888895,13.515125949743382,8.369822485207107,8.0,8.0,8.0,3
15,0.12,102,0.35646163766964745,0.3752273308327176,17.40366109262674,13.20567605089726,16.08284752756132,11.63750201985321,4.0,4.0,4.0,4
15,0.12,103,0.0,0.0,15.494532748704724,10.666666666666655,17.84392565808673,11.860946745562117,6.0,6.0,6.0,4
15,0.12,104,1.0674932296328938,1.4584293782433035,14.321284199198452,11.024336788915843,15.144758040652365,10.895012838122792,4.0,3.0,3.0,5
15,0.12,105,0.0,0.0,12.174701480868436,8.000000000000002,11.832513125636925,7.582840236686393,9.0,9.0,9.0,3
15,0.12,106,0.0,0.0,12.430240731225725,8.88888888888889,12.080870059785948,8.369822485207102,7.0,7.0,7.0,3
15,0.12,107,0.0,0.0,10.517896003344877,7.11111111111111,10.46356802812099,6.847107438016528,7.0,7.0,7.0,3
15,0.12,108,0.0,0.0,9.863283624633384,7.111111111111114,10.899220218344878,7.742603550295861,10.0,10.0,10.0,2
15,0.12,109,0.3471919501973236,0.40959813894226094,17.874127722097242,14.000771864899557,16.517609100330937,12.305365896884377,4.0,4.0,4.0,4
15,0.12,110,0.0,0.0,14.090193100016487,10.666666666666666,16.768494267788217,12.103305785123966,3.0,3.0,3.0,4
15,0.12,111,0.23246054481763573,0.25634507076653046,13.250112567511039,10.666666666666659,12.877698161027741,9.943786982248515,4.0,4.0,4.0,3
15,0.12,112,0.0,0.0,14.609134296851835,11.555555555555562,15.51288814047086,11.841836734693885,5.0,5.0,5.0,3
15,0.12,113,0.0,0.0,14.1908842933994,9.777777777777777,15.68134699285407,10.458579881656803,7.0,7.0,7.0,3
15,0.12,114,0.9608680014696525,1.1540922374301026,18.01965239843716,14.189487107605586,17.99666814792895,12.441884835161517,4.0,4.0,4.0,5
15,0.12,115,0.3411518704363773,0.4312144551437761,15.255698639849138,12.249412678788612,15.94401048676541,12.234204458271309,4.0,4.0,4.0,4
15,0.12,116,0.0,0.0,14.380961654724105,11.55555555555553,17.004019711644446,13.234693877550995,6.0,6.0,6.0,3
15,0.12,117,0.0,0.0,15.649890191241111,10.666666666666673,14.46217531065585,9.500000000000007,8.0,8.0,8.0,3
15,0.12,118,0.5383551180134102,0.5507996631360736,25.227593052513463,12.712168580580359,26.788228592114105,12.953764641614349,6.0,6.0,6.0,7
15,0.12,119,0.0,0.0,16.992750195384044,12.444444444444466,19.515111552511364,13.625000000000025,4.0,3.0,3.0,5
15,0.12,120,0.0,0.0,12.546222239134089,9.777777777777787,13.112286999923423,9.872781065088766,5.0,5.0,5.0,3
15,0.12,121,0.5465055264825176,0.7144311684460036,17.63989776005118,13.681638335834062,18.731141435258426,13.909592928642523,4.0,4.0,4.0,4
15,0.12,122,0.0,0.0,16.666666666666647,13.333333333333336,17.916666666666647,13.833333333333336,3.0,3.0,3.0,3
15,0.12,123,0.0,0.0,20.769220929587178,11.555555555555545,24.60968337958481,13.192307692307681,7.0,7.0,7.0,6
15,0.12,124,0.0,0.0,13.618923671267932,8.000000000000004,12.767740941813688,7.2500000000000036,9.0,9.0,9.0,4
15,0.12,125,1.1706199067770728,1.8117085245413913,21.166555669443994,17.87104479054865,23.38967024419329,16.30090808901218,5.0,5.0,5.0,9
15,0.12,126,0.26594297943929635,0.2990468574719617,16.820699195876735,13.333333333333325,16.06376773206228,12.233333333333325,4.0,4.0,4.0,3
15,0.12,127,0.3079151233843954,0.3263681134021059,17.66143567806515,11.459814653484042,18.458290394309216,11.481005139159864,5.0,5.0,5.0,5
15,0.12,128,0.35058660077079484,0.4084403846002088,6.577399447028098,5.33333333333333,7.097550933910422,5.397959183673467,3.0,3.0,3.0,3
15,0.12,129,0.0,0.0,16.1154766935066,10.666666666666663,18.559021606353387,11.860946745562124,6.0,6.0,6.0,4
15,0.12,130,0.0,0.0,9.104569499661588,7.111111111111117,9.958122890254863,7.611111111111118,8.0,8.0,8.0,2
15,0.12,131,0.3784468851260472,0.44094100264933733,11.978799317668377,8.88888888888888,11.91692535425067,8.433884297520654,5.0,5.0,5.0,3
15,0.12,132,0.0,0.0,9.94743683417734,7.111111111111114,11.862318424756479,8.180000000000003,6.0,6.0,6.0,3
15,0.12,133,0.7537987989864188,0.9942801836918427,13.713922218893508,11.297875804081524,14.035342270898823,10.992344306975955,4.0,4.0,4.0,4
15,0.12,134,0.4069192075707263,0.48014047692393147,16.344852266645606,12.229028276627277,16.32400424079529,11.722085140159948,4.0,4.0,4.0,4
15,0.12,135,0.0,0.0,6.828427124746181,5.333333333333333,7.018105655989131,5.314814814814815,6.0,6.0,6.0,2
15,0.12,136,0.0,0.0,11.835421971741056,8.88888888888889,12.94499278159178,9.38888888888889,6.0,6.0,6.0,3
15,0.12,137,0.24030614135894304,0.266994246387191,16.344333277610005,11.555555555555545,16.323485913735507,11.112244897959174,4.0,4.0,4.0,4
15,0.12,138,0.3274164531187259,0.3739298708516525,11.215347194276937,8.888888888888888,11.157416681909805,8.43388429752066,4.0,4.0,4.0,3
15,0.12,139,0.2972320362046597,0.32085459950830997,19.31076613834037,13.333333333333345,20.759073598715897,12.233333333333343,6.0,6.0,6.0,4
15,0.12,140,0.5702329669771674,0.7128231815530633,19.311893504104624,13.557479264396761,17.84625872923954,11.915753259723717,5.0,5.0,5.0,5
15,0.12,141,0.0,0.0,10.40563475357413,8.888888888888895,12.35669126986928,10.222222222222229,4.0,4.0,4.0,2
15,0.12,142,0.0,0.0,17.881172139041634,10.666666666666666,19.91105009870325,11.520408163265305,9.0,9.0,9.0,4
15,0.12,143,0.31123742441220414,0.3479488369288917,19.27795372250938,12.444444444444452,19.663512796959566,12.260000000000007,8.0,8.0,8.0,4
15,0.12,144,0.0,0.0,14.63742799290755,10.66666666666666,15.542932148081043,10.969387755102035,7.0,7.0,7.0,3
15,0.12,145,0.0,0.0,14.779120550806098,12.444444444444438,15.693390125696526,12.714285714285706,5.0,5.0,5.0,3
15,0.12,146,0.0,0.0,10.863684064902161,7.999999999999998,12.928681862362904,9.202479338842972,5.0,5.0,5.0,3
15,0.12,147,1.5530562587883416,2.255475667315138,20.740861079277963,15.513085393759129,23.095372094655183,14.731494994456215,5.0,5.0,5.0,5
15,0.12,148,1.0530602110848064,1.4688857160065298,19.6871012210973,15.857498937691524,19.661990122601004,15.03247465756861,5.0,5.0,5.0,7
15,0.12,149,0.0,0.0,12.222222222222223,7.9999999999999964,12.159090909090914,7.640495867768593,6.0,6.0,6.0,4
15,0.125,100,1.0346018776044654,1.3451875376439137,14.87438150470946,12.09042048622544,13.944732660665117,10.687068108359988,4.0,3.0,3.0,4
15,0.125,101,0.0,0.0,14.085088866605322,8.88888888888889,15.40556594784957,9.388888888888891,7.0,7.0,7.0,4
15,0.125,102,0.0,0.0,17.359994148867376,13.333333333333323,20.484793095663505,15.233333333333324,5.0,5.0,5.0,4
15,0.125,103,0.3036103816960284,0.3568447479280205,16.863773921875392,11.555555555555548,17.624639461249952,11.576923076923071,4.0,4.0,4.0,4
15,0.125,104,0.0,0.0,17.820098735093836,12.444444444444432,21.115235335517994,14.168639053254426,5.0,4.0,4.0,5
15,0.125,105,0.0,0.0,16.4010993631888,8.888888888888895,19.476305493786697,10.222222222222229,7.0,7.0,7.0,5
15,0.125,106,0.8488133583335724,1.2691546043865667,14.047662367988465,9.469693142118063,16.751837373826245,9.433105691341698,4.0,4.0,4.0,5
15,0.125,107,0.3987327009133984,0.4558880595383368,8.250998179899202,6.945031651168073,9.137335875005562,7.202757435098139,3.0,2.0,2.0,3
15,0.125,108,0.0,0.0,10.136784028464051,8.00000000000001,10.719649110100736,8.060000000000011,4.0,4.0,4.0,3
15,0.125,109,0.6185243268489249,0.7254337321034195,17.44594501865462,14.853828931469895,16.955600410142136,13.642399139786972,4.0,4.0,4.0,4
15,0.125,110,0.7694747906806234,1.0538439086691507,13.077656968205282,10.29269310510259,13.010107087171168,9.669336562451104,3.0,3.0,3.0,4
15,0.125,111,0.0,0.0,13.559072806436085,10.666666666666664,14.170835706726471,10.724852071005916,5.0,5.0,5.0,3
15,0.125,112,0.5387474737526151,0.6815544777839798,15.760775088243314,11.555555555555559,18.100265140404428,10.250000000000004,3.0,2.0,2.0,4
15,0.125,113,0.2582632319558967,0.29087069443440555,13.82457771087829,9.777777777777771,14.148591250976999,9.590277777777771,4.0,4.0,4.0,4
15,0.125,114,1.3168399476931407,1.8283749705258436,21.656894041090567,15.748230799133788,21.629270451752443,14.92889145505963,5.0,5.0,5.0,6
15,0.125,115,0.6011031047262428,0.7323499013443462,18.542880335550628,13.132554384482024,18.913737942261644,12.902734682753588,5.0,5.0,5.0,4
15,0.125,116,0.0,0.0,15.252507765199052,11.555555555555543,18.112352971173877,13.138888888888873,4.0,4.0,4.0,4
15,0.125,117,0.0,0.0,15.691474240593454,11.555555555555552,17.574451149464668,12.575555555555551,6.0,6.0,6.0,3
15,0.125,118,0.9041924976865091,1.2990922966531366,21.378946535312636,13.774703312985778,21.351677470854327,13.134504649762667,7.0,7.0,7.0,5
15,0.125,119,0.0,0.0,18.04559283094692,13.33333333333334,19.940913971475368,14.079881656804739,4.0,4.0,4.0,6
15,0.125,120,0.0,0.0,14.53204089186673,10.666666666666679,14.123595955556867,9.94378698224853,6.0,6.0,6.0,3
15,0.125,121,0.0,0.0,19.882166453304595,14.222222222222216,23.50863303853745,16.173469387755095,5.0,4.0,4.0,5
15,0.125,122,0.2318936401366517,0.22556269432606316,14.815261338007744,13.264714857755793,14.796364320994982,12.67930779898239,3.0,3.0,3.0,3
15,0.125,123,0.0,0.0,21.333968430772593,12.444444444444427,25.27885904297167,14.168639053254417,7.0,7.0,7.0,6
15,0.125,124,0.0,0.0,11.544946969258076,8.000000000000005,13.767349260840255,9.140000000000008,5.0,5.0,5.0,4
15,0.125,125,1.3395585206478318,1.713280900850117,20.85874188882209,17.23440272690504,19.275712370473986,15.00316308815394,6.0,6.0,6.0,6
15,0.125,126,0.0,0.0,18.911947035339885,13.33333333333335,21.779512968952808,14.701183431952682,5.0,5.0,5.0,5
15,0.125,127,0.5299127261034928,0.5729713993330949,16.740791329128612,12.260603123313478,18.31024051623442,12.753216641660895,5.0,3.0,3.0,5
15,0.125,128,0.0,0.0,8.668401063085863,6.222222222222221,10.353923492019227,7.154320987654321,5.0,5.0,5.0,3
15,0.125,129,0.0,0.0,17.243992802597333,10.66666666666667,16.46801312648045,9.886666666666668,8.0,8.0,8.0,4
15,0.125,130,0.28486327954925544,0.3287337325809724,12.37845350420097,9.77777777777777,12.314515211307372,9.22727272727272,3.0,3.0,3.0,3
15,0.125,131,0.0,0.0,12.444444444444432,8.88888888888889,12.428571428571418,8.663265306122451,9.0,9.0,9.0,3
15,0.125,132,0.0,0.0,9.862851643117562,7.111111111111115,11.761450584417695,8.180000000000005,5.0,5.0,5.0,3
15,0.125,133,0.0,0.0,18.401380879592544,13.33333333333334,18.769408497184397,13.100000000000005,5.0,5.0,5.0,4
15,0.125,134,0.0,0.0,19.15036190041349,12.444444444444438,22.09375298332143,13.857142857142849,4.0,4.0,4.0,5
15,0.125,135,0.0,0.0,6.828427124746195,5.3333333333333375,7.018105655989146,5.31481481481482,6.0,6.0,6.0,2
15,0.125,136,0.0,0.0,13.333333333333327,8.888888888888898,13.645833333333327,8.763888888888898,7.0,7.0,7.0,4
15,0.125,137,0.35795651689507935,0.40613214073906057,22.09647465202772,11.555555555555545,23.463412178333005,11.841836734693866,7.0,7.0,7.0,6
15,0.125,138,0.5425601929836563,0.6439439620719627,13.67488619588258,8.636186995067353,13.076609924812718,7.772568295560619,6.0,6.0,6.0,5
15,0.125,139,0.8116184795776071,1.0992240949256047,17.773129501270276,13.925663538331248,18.872615191081003,14.157683920945345,5.0,5.0,5.0,4
15,0.125,140,1.5468531399049492,2.2123922576249164,19.639183762535943,14.135524929299791,19.087194869801948,12.982677666857551,5.0,5.0,5.0,6
15,0.125,141,0.8042202213935761,1.1254814508912832,15.32326114842374,9.247578905058221,16.526327106357837,9.500740930868183,7.0,7.0,7.0,5
15,0.125,142,0.2730340736071768,0.3023690782783667,12.099851986985644,10.53720095423358,12.383442267930622,9.38469459986428,3.0,3.0,3.0,3
15,0.125,143,0.34553666931517696,0.40401953226800513,16.18262860321796,12.219544406383093,15.727791408748816,11.30959893719475,5.0,5.0,5.0,4
15,0.125,144,0.0,0.0,15.169870900780728,10.66666666666667,16.891960837221397,11.520408163265309,7.0,7.0,7.0,3
15,0.125,145,0.7617410624861929,1.099685409195694,19.52692472106973,14.396518332161605,20.73490412026856,14.606611580631402,5.0,5.0,5.0,6
15,0.125,146,0.0,0.0,10.621997749605185,8.000000000000004,11.82781126964965,8.765306122448987,10.0,10.0,10.0,2
15,0.125,147,0.8429532778479121,1.2879718287091535,21.22979238563494,15.519621913283471,21.654388233347635,15.151030892842991,5.0,5.0,5.0,5
15,0.125,148,0.7715895637546012,1.1099093410783263,22.277564424566826,16.09376698334136,22.72311571305816,15.685070006001245,6.0,6.0,6.0,5
15,0.125,149,0.43231699362112386,0.49744962676837706,13.582022116878225,8.888888888888884,13.511867043960468,8.433884297520658,7.0,7.0,7.0,4
15,0.13,100,0.6720101812286292,0.8336197097857212,17.127216582389792,12.44444444444445,17.105370642871435,11.928571428571434,4.0,4.0,4.0,4
15,0.13,101,0.3716417263341034,0.4332293408725274,14.15383035236717,9.777777777777775,15.480751947901593,10.277777777777775,5.0,5.0,5.0,4
15,0.13,102,0.7728830416154189,1.1618130665385007,15.29583242162474,12.825177826041207,16.72981671115206,11.302187959198815,4.0,4.0,4.0,4
15,0.13,103,0.3797713211005347,0.47593678296009845,15.135287699128973,11.328256395599821,16.554220920922315,11.818421335794042,4.0,4.0,4.0,4
15,0.13,104,0.40372176249853553,0.4698925372671159,17.118411854592946,12.25952134408306,17.096577145594743,11.751314145508188,5.0,5.0,5.0,4
15,0.13,105,0.0,0.0,15.293411344684348,8.888888888888898,18.200423418467324,10.169421487603316,6.0,6.0,6.0,5
15,0.13,106,0.24120640785374853,0.2612231432546366,13.597492105955599,9.777777777777784,12.747648849333377,8.750000000000005,6.0,6.0,6.0,4
15,0.13,107,0.5168438054454708,0.6524566011458633,8.71682120162055,7.1111111111111125,9.653198479138384,6.500000000000002,3.0,3.0,3.0,3
15,0.13,108,0.0,0.0,11.120230631002752,8.000000000000002,11.38086103641688,7.937500000000002,8.0,8.0,8.0,3
15,0.13,109,0.9021821162746575,1.0809285908220743,16.578671340810008,14.302617891701246,16.11270276762156,13.136143072784002,4.0,4.0,4.0,4
15,0.13,110,0.0,0.0,14.164838425887398,10.666666666666673,15.041107129529667,10.969387755102048,7.0,7.0,7.0,3
15,0.13,111,0.7287259081105112,0.8826500977155772,16.776548315462737,10.78748067967705,17.169748666606395,10.495751935334821,5.0,5.0,5.0,5
15,0.13,112,0.0,0.0,15.452361072779821,11.555555555555538,17.07531615586764,12.269230769230749,4.0,4.0,4.0,4
15,0.13,113,0.34844263545919996,0.3981745165379943,13.967038485943002,10.66666666666665,13.574473794770046,9.943786982248504,5.0,5.0,5.0,3
15,0.13,114,0.7000384418932851,0.830570062695869,23.07090707089319,15.338346985594143,25.689925858277746,16.30111245495038,5.0,5.0,5.0,6
15,0.13,115,0.587169490750762,0.8637536144014394,17.815929630340555,13.045439540156028,20.51730949292918,13.775868366479852,4.0,4.0,4.0,4
15,0.13,116,0.0,0.0,14.640138559689316,11.008863249145508,16.01265154966019,11.485208293579687,3.0,3.0,3.0,4
15,0.13,117,0.0,0.0,16.844219971827428,12.444444444444457,15.56586399182267,11.000000000000012,6.0,6.0,6.0,4
15,0.13,118,0.2899770464583901,0.3265477508720002,17.10545652039304,14.718830689382678,16.335710976975353,13.439591139761328,3.0,3.0,3.0,3
15,0.13,119,0.6713932600488155,0.939011919149746,16.568035778862683,12.442841461083262,16.956349117429777,12.034560725641466,5.0,5.0,5.0,6
15,0.13,120,0.0,0.0,11.894679653383378,10.009909907531101,12.17346120775955,9.77530264407334,4.0,4.0,4.0,3
15,0.13,121,0.0,0.0,20.882764805115944,14.222222222222243,24.691738487681732,16.173469387755127,5.0,6.0,5.0,5
15,0.13,122,0.3327940525083635,0.4497508715620804,20.067405582556237,14.805952192241861,21.308820341171003,15.022020447148154,5.0,4.0,4.0,6
15,0.13,123,0.41597752637007657,0.5913845915173402,18.878779020059948,12.921612627691754,20.64866455319057,13.406173101230193,6.0,4.0,4.0,6
15,0.13,124,0.6171841309462286,0.8471033554142403,12.001548744953219,8.62316006248439,11.476480987361516,7.7608440562359515,3.0,3.0,3.0,4
15,0.13,125,1.3644766532511676,2.252505658703034,21.182958380681736,17.286618315862604,21.155939301114543,16.33850021945688,5.0,5.0,5.0,7
15,0.13,126,0.0,0.0,16.52610683789185,13.333333333333357,19.581969788685463,15.14497041420121,4.0,3.0,3.0,4
15,0.13,127,1.1013657690153158,1.2643373734246954,17.225156985432527,12.44444444444445,18.84001545281683,12.94444444444445,4.0,3.0,3.0,5
15,0.13,128,0.0,0.0,12.461452153878035,8.0,14.250854890850189,8.830578512396695,6.0,6.0,6.0,4
15,0.13,129,0.0,0.0,14.242657714296854,10.666666666666675,16.402232293757542,11.86094674556214,5.0,5.0,5.0,3
15,0.13,130,0.25324647668149036,0.2871191514886227,13.043708083708264,10.523353116382731,12.9763335584825,9.886027107655524,3.0,3.0,3.0,4
15,0.13,131,0.4466944866492131,0.5321084075222716,14.451229548295455,9.777777777777773,14.78993024083363,9.590277777777773,5.0,5.0,5.0,4
15,0.13,132,0.0,0.0,9.26685885916898,7.1111111111111125,8.86143378408034,6.500000000000002,6.0,6.0,6.0,3
15,0.13,133,0.7615106219673213,0.989114805058221,21.189546367184317,14.770697389765365,20.236016780661025,14.447045344019038,6.0,6.0,5.0,5
15,0.13,134,0.34901044377307266,0.41728020968248425,13.92364730427714,12.217842236388812,14.249982787971135,11.849670651140487,5.0,4.0,4.0,4
15,0.13,135,0.0,0.0,7.999999999999998,5.333333333333333,8.222222222222221,5.314814814814815,7.0,7.0,7.0,3
15,0.13,136,0.0,0.0,15.855800222634674,9.777777777777782,14.65245824145258,8.750000000000004,9.0,9.0,9.0,4
15,0.13,137,0.359426539166181,0.40551837748792313,19.3019852834699,11.555555555555554,19.277365404281802,11.112244897959183,7.0,7.0,7.0,5
15,0.13,138,0.0,0.0,13.841498226047342,9.777777777777777,15.940246107955407,10.914201183431953,6.0,6.0,6.0,3
15,0.13,139,0.5320848108982186,0.6057772274488228,17.75541045253127,14.222222222222204,16.956416982167358,13.015555555555538,4.0,4.0,4.0,4
15,0.13,140,0.0,0.0,18.51571177078986,15.111111111111114,21.36155777637682,16.719387755102044,5.0,5.0,5.0,5
15,0.13,141,0.4573496204482881,0.5591450829722112,12.270286781556292,10.447057450475528,13.420626167327192,10.936763268466567,4.0,4.0,4.0,3
15,0.13,142,0.6195488442883039,0.8603966290793521,16.53591036707222,11.063532461847966,18.08615196398524,11.542243001062541,6.0,6.0,6.0,5
15,0.13,143,0.45410703467346364,0.522438748813941,18.624149160099122,12.235973948799812,18.100689346427696,11.324805030750714,5.0,5.0,5.0,5
15,0.13,144,0.0,0.0,14.68227571200678,10.66666666666667,17.360292838048835,12.255102040816329,7.0,7.0,7.0,3
15,0.13,145,0.7765973060991388,0.9858264411444928,18.92019471325374,14.448732193919955,19.298598607518812,14.132134973788474,5.0,5.0,5.0,4
15,0.13,146,0.0,0.0,11.90901253813523,8.88888888888889,14.141952389035584,10.222222222222223,5.0,5.0,5.0,3
15,0.13,147,0.8624359176513082,1.1051363447593998,21.363217651181927,15.659424324064686,21.79048200420557,16.148781334191707,4.0,4.0,4.0,5
15,0.13,148,0.0,0.0,25.23072593891937,16.888888888888886,29.772256607924863,19.16222222222222,6.0,5.0,5.0,6
15,0.13,149,0.45348941727971903,0.5424422159626195,11.517825296028544,8.659416570112915,11.013920439327293,7.793474913101624,4.0,4.0,4.0,4
15,0.135,100,0.5256482479502624,0.6506322494881898,18.025410383210254,12.062229298119323,19.918611769612514,11.16399851854942,5.0,4.0,4.0,5
15,0.135,101,0.0,0.0,15.714912800880802,10.666666666666679,18.620776854298114,12.21597633136096,6.0,6.0,6.0,4
15,0.135,102,0.3263679145910418,0.3754657263511408,17.66351524405418,12.722799384994373,18.46046378687024,12.672924505748464,5.0,4.0,4.0,5
15,0.135,103,0.543841253181382,0.6904542956610612,16.519304566991547,11.555555555555552,18.25432028334717,12.269230769230765,5.0,5.0,5.0,4
15,0.135,104,0.8647318723053513,0.9928999882665991,15.305677798542561,12.075993658870285,14.875488629648615,11.176737896920915,5.0,5.0,5.0,4
15,0.135,105,0.3617802326377578,0.41835486850316767,13.137039711723597,9.777777777777779,13.44493907996712,9.590277777777779,5.0,5.0,5.0,3
15,0.135,106,0.28576281026975214,0.3359650187253175,12.722150588867486,9.602204212929625,12.656437001115073,9.061584244329765,4.0,3.0,3.0,4
15,0.135,107,0.0,0.0,9.862851643117569,7.111111111111115,11.761450584417704,8.180000000000005,5.0,5.0,5.0,3
15,0.135,108,0.0,0.0,11.12023063100276,8.000000000000002,11.380861036416889,7.937500000000002,7.0,7.0,7.0,3
15,0.135,109,1.110752546947778,1.304865233857917,18.398031585619496,14.65237586836653,18.37456470859702,13.941084812931871,4.0,3.0,3.0,5
15,0.135,110,0.0,0.0,16.409863435059144,10.66666666666667,19.486712829132735,12.166666666666668,5.0,4.0,4.0,5
15,0.135,111,0.0,0.0,16.590832052885244,11.555555555555568,19.106453776880414,12.80769230769232,6.0,6.0,6.0,4
15,0.135,112,0.0,0.0,15.662547599474243,11.555555555555555,18.51936431723549,13.23469387755102,7.0,7.0,7.0,3
15,0.135,113,0.0,0.0,15.663673211451458,10.666666666666673,17.308822320938223,11.363905325443794,6.0,6.0,6.0,4
15,0.135,114,0.0,0.0,22.177288983074778,16.888888888888857,25.614768775451367,18.739999999999963,6.0,6.0,6.0,5
15,0.135,115,0.0,0.0,16.678323292165274,13.33333333333333,19.762332776663293,15.144970414201179,4.0,4.0,3.0,6
15,0.135,116,0.0,0.0,16.91050313083878,12.444444444444462,20.037445277813408,14.16863905325446,3.0,3.0,3.0,4
15,0.135,117,0.3162837310222061,0.33997286623134076,16.929815463370094,12.345046472499765,17.97713185364235,12.61273242917387,5.0,5.0,5.0,4
15,0.135,118,0.0,0.0,18.272830956897636,15.111111111111116,21.561940529139214,17.197777777777784,4.0,4.0,4.0,4
15,0.135,119,0.595788866929844,0.8256197390007648,20.146093173558867,13.736800011853088,21.392375723198672,13.965673672764863,5.0,5.0,5.0,5
15,0.135,120,0.0,0.0,15.78376093275979,10.66666666666667,16.967543002716774,11.166666666666668,9.0,9.0,9.0,3
15,0.135,121,0.5563457020339988,0.7795903075511647,25.229207903876592,13.742471317370882,28.09323788276054,14.68135029688195,6.0,6.0,6.0,7
15,0.135,122,1.2068983487947689,1.4744180380762186,24.257749927119804,14.886189724800554,24.7429049256622,13.565040386724505,6.0,5.0,5.0,6
15,0.135,123,0.799615862777595,1.188258967950236,20.064113945939642,13.087544567511607,22.17143952310194,13.820330901654083,5.0,4.0,4.0,5
15,0.135,124,0.0,0.0,14.617019936576007,9.777777777777787,17.357711174684013,11.194444444444455,6.0,6.0,6.0,4
15,0.135,125,1.43624098889693,1.9642937850962754,21.198798098369615,17.15100938660676,20.602973891462778,15.644134460046793,6.0,7.0,6.0,6
15,0.135,126,0.0,0.0,17.914426951451087,14.22222222222223,21.139023802712288,16.215555555555564,4.0,4.0,4.0,4
15,0.135,127,0.2504242989390659,0.2746357763017409,16.13787196713315,12.781810506169322,14.913122755341796,11.263970508561714,4.0,3.0,3.0,4
15,0.135,128,0.0,0.0,12.687767406331147,8.88888888888889,14.50966789133118,9.756198347107441,5.0,5.0,5.0,4
15,0.135,129,0.0,0.0,14.994634207482292,10.666666666666682,15.67116725974296,10.724852071005934,5.0,5.0,5.0,4
15,0.135,130,0.6815062041655411,0.8305918630584339,14.596756783906274,10.666666666666655,14.93886827102908,10.416666666666655,4.0,4.0,4.0,4
15,0.135,131,0.26048894380994375,0.28038408603137505,10.972137136784037,9.66690352910237,10.915462874713873,9.122640882060967,3.0,3.0,3.0,3
15,0.135,132,0.28083757458546843,0.317844623959647,8.691039714551648,7.111111111111107,8.932457484400306,6.9197530864197505,3.0,3.0,3.0,3
15,0.135,133,0.8124777199693028,1.1117508170179307,21.35084846085329,15.355816250117584,21.777865430070353,14.991115614177291,5.0,5.0,5.0,5
15,0.135,134,0.8240648480810888,0.9628203763058578,15.04917522215737,12.221734386095283,14.626195445203244,11.311625837003923,4.0,4.0,4.0,3
15,0.135,135,0.0,0.0,7.6038754716096735,6.222222222222221,9.082406813311556,7.154320987654321,4.0,4.0,4.0,2
15,0.135,136,0.0,0.0,15.01317475210375,9.777777777777775,16.59000227784246,10.458579881656803,7.0,7.0,7.0,4
15,0.135,137,0.1916397700468499,0.20664962521175745,15.00886390961594,12.44444444444445,14.33346503368322,11.451111111111114,5.0,5.0,5.0,3
15,0.135,138,0.0,0.0,14.971722765163532,10.666666666666687,14.550919906379352,9.94378698224854,6.0,6.0,6.0,4
15,0.135,139,0.9577536031388628,1.41019052696576,18.288470165657785,13.828916219399288,19.419835985854732,14.059324660873655,4.0,4.0,4.0,4
15,0.135,140,0.9536327700225352,1.6201813146583106,23.486966091092803,14.747457578323704,23.457008226180697,14.031550836638873,6.0,5.0,5.0,6
15,0.135,141,0.45003912241523913,0.547109018974301,14.423137866779253,11.555555555555541,15.073885951005243,11.576923076923062,4.0,4.0,4.0,3
15,0.135,142,0.2919779135738313,0.32443034269773957,15.378023989732993,11.555555555555545,14.210941811940756,10.249999999999991,6.0,6.0,6.0,3
15,0.135,143,0.0,0.0,20.6554267255914,12.444444444444441,23.787351635906663,13.754437869822482,5.0,5.0,5.0,6
15,0.135,144,0.23384486248335173,0.25791150136907454,15.039887377717942,10.66666666666667,14.617168649645986,9.943786982248524,5.0,5.0,5.0,4
15,0.135,145,0.8828005146533234,1.1678189099793852,23.250844793980495,16.27859703951311,23.715861689860102,15.865206351536003,5.0,5.0,5.0,6
15,0.135,146,0.0,0.0,14.153210445553805,10.666666666666659,15.480073924824476,11.166666666666659,5.0,5.0,5.0,4
15,0.135,147,0.9410935021803323,1.1495684797105385,19.348015713598855,16.472897073449943,19.734976027870832,14.983833877468347,5.0,5.0,5.0,5
15,0.135,148,0.0,0.0,24.309122126802933,17.77777777777777,28.684764109627466,20.144444444444435,6.0,5.0,5.0,7
15,0.135,149,0.33129106792995316,0.36026588345186594,12.584619878506748,9.64044547141886,12.519616676654959,9.097672456757365,5.0,5.0,5.0,4
15,0.14,100,0.3700350661989303,0.39994038358765394,17.024446956967594,13.153209074351615,17.00273210115514,12.572723061631505,5.0,5.0,5.0,4
15,0.14,101,0.0,0.0,15.15933685258308,10.666666666666666,16.751515723194615,11.363905325443787,7.0,7.0,7.0,4
15,0.14,102,0.44290529260969846,0.6147706150782698,22.43728628184525,13.784897747506626,24.984376178636353,14.72667528016074,6.0,5.0,5.0,6
15,0.14,103,0.0,0.0,17.631675892883187,13.333333333333336,20.847657592733057,15.193877551020412,4.0,4.0,4.0,5
15,0.14,104,0.0,0.0,17.05228314704181,12.444444444444416,19.67320166645321,13.857142857142827,5.0,5.0,5.0,5
15,0.14,105,0.0,0.0,14.015860706581266,10.666666666666675,16.607550925993486,12.215976331360956,5.0,5.0,5.0,3
15,0.14,106,0.0,0.0,12.430240731225782,9.777777777777777,12.080870059786005,9.15680473372781,6.0,6.0,6.0,3
15,0.14,107,0.0,0.0,11.914375035968513,8.000000000000005,14.207892230392453,9.140000000000008,4.0,4.0,4.0,4
15,0.14,108,0.0,0.0,10.621997749605187,8.000000000000004,11.827811269649652,8.765306122448983,10.0,10.0,10.0,2
15,0.14,109,0.7559307781782206,0.8346740994210213,17.53866479768923,14.48210634411106,16.207605415721744,14.693448607311058,4.0,4.0,4.0,5
15,0.14,110,0.0,0.0,14.68456227203875,10.66666666666666,17.362996461964187,12.255102040816322,6.0,6.0,6.0,3
15,0.14,111,0.47187514100794725,0.6479541612213008,16.618393316367573,11.076028966882122,18.17636768977703,11.55528022025683,4.0,4.0,4.0,5
15,0.14,112,0.0,0.0,17.309621424675623,12.444444444444446,20.466861046778448,14.214285714285719,5.0,5.0,5.0,4
15,0.14,113,0.5158140649897114,0.6715294563330293,13.914042783038145,10.410416993265445,13.842172727340635,9.779930736829302,4.0,4.0,4.0,4
15,0.14,114,0.794357909990818,1.1365738473106375,21.644733909777262,15.675503840835333,23.268088953010555,16.139581257175855,7.0,6.0,6.0,5
15,0.14,115,0.0,0.0,17.81693072536802,14.222222222222214,20.555374797315526,15.76530612244897,4.0,4.0,4.0,4
15,0.14,116,0.2834904270851696,0.32697373841614347,17.335219639145894,13.171611588282,17.313108389606167,12.590313423799147,5.0,5.0,5.0,4
15,0.14,117,0.0,0.0,17.769348853558476,12.444444444444427,20.523597925860038,13.93999999999998,6.0,6.0,6.0,4
15,0.14,118,1.0573797756598229,1.399589397056297,24.27596413429036,15.332234388084126,24.761483416976166,14.968093821367129,7.0,7.0,7.0,6
15,0.14,119,0.9705379599568668,1.2393314169051328,20.448823640456585,13.512654799311953,21.713833776377687,13.737793897929317,5.0,5.0,5.0,5
15,0.14,120,0.41044238018357015,0.5047005292018283,18.373466877454383,11.555555555555578,20.303224493281697,12.269230769230793,5.0,5.0,5.0,5
15,0.14,121,0.6525030049088208,0.7492502417715287,16.389228328412436,14.132851113268357,18.110582191307827,14.861814522369455,4.0,4.0,4.0,4
15,0.14,122,0.0,0.0,22.356452410408007,15.999999999999973,25.82170253402125,17.779999999999973,5.0,5.0,5.0,5
15,0.14,123,0.8304867934897736,0.9647762740280548,21.37010906362108,13.333333333333343,20.408454155758132,12.233333333333341,9.0,9.0,9.0,5
15,0.14,124,0.0,0.0,14.727170727310414,9.777777777777775,15.39163627048049,9.872781065088756,6.0,6.0,6.0,4
15,0.14,125,1.427834260649466,2.0116774419699333,20.52731399036721,16.99807949732415,19.95036285750186,15.504640877076369,6.0,7.0,6.0,6
15,0.14,126,0.7238445813367216,1.0589594282672437,19.7025494192487,14.45041916760764,20.921393356536406,13.748931982625487,4.0,4.0,4.0,5
15,0.14,127,0.7468863514621309,1.0876980318338836,22.024153923288996,14.526973336126426,22.46463700175477,14.208661714496596,6.0,6.0,6.0,5
15,0.14,128,0.0,0.0,12.432762705370338,8.888888888888891,12.368543889743426,8.433884297520665,5.0,5.0,5.0,4
15,0.14,129,0.0,0.0,15.974155886652808,10.666666666666675,17.651914862913678,11.363905325443797,7.0,7.0,7.0,4
15,0.14,130,0.0,0.0,16.014609058333914,10.666666666666671,17.6966168144607,11.363905325443792,7.0,7.0,7.0,4
15,0.14,131,0.0,0.0,15.435940738924572,9.777777777777777,18.290219721713882,11.239644970414203,7.0,7.0,7.0,4
15,0.14,132,0.2808375745854687,0.31784462395964663,8.691039714551664,7.1111111111111125,8.932457484400322,6.919753086419755,3.0,3.0,3.0,3
15,0.14,133,0.9413720872590792,1.1621973984643361,21.126832508317808,15.565460483182006,22.43378579486553,15.763999519957288,5.0,5.0,5.0,5
15,0.14,134,0.0,0.0,17.489848089942225,12.444444444444438,20.679960687980156,14.214285714285708,5.0,5.0,5.0,4
15,0.14,135,0.0,0.0,9.266858859168964,6.222222222222225,8.861433784080324,5.750000000000002,7.0,7.0,7.0,3
15,0.14,136,0.19211519194644888,0.20828740899502965,12.844985311458686,10.666666666666657,12.483957617793425,9.943786982248511,3.0,3.0,3.0,3
15,0.14,137,0.38087023183359686,0.4816410154715945,16.895680147550927,13.086700516857245,18.81368465409689,12.509149703230637,4.0,4.0,4.0,4
15,0.14,138,0.0,0.0,18.585410070730635,12.444444444444452,21.975350938223595,14.214285714285724,6.0,6.0,6.0,4
15,0.14,139,0.9900521276880373,1.449919447530369,19.710097222114346,14.732673679165858,21.947595503706406,14.017484613257972,4.0,4.0,4.0,5
15,0.14,140,1.1124037477266062,1.3039769392243348,18.32886924026874,14.182477668615277,17.813708714284854,13.025801094049521,5.0,5.0,5.0,5
15,0.14,141,0.0,0.0,15.072068793099358,11.555555555555559,17.785041175857245,13.268888888888894,6.0,6.0,6.0,3
15,0.14,142,0.532080026530442,0.6702979655483379,14.50281086006845,11.166803476457858,14.842720489601305,10.864816603596918,5.0,5.0,5.0,4
15,0.14,143,0.5989056641859317,0.849385637294415,18.340224202922645,12.81305759324604,21.121101393454556,12.762828891142341,5.0,5.0,5.0,5
15,0.14,144,0.0,0.0,16.953968088658776,11.555555555555564,15.66728301050164,10.250000000000009,8.0,8.0,8.0,4
15,0.14,145,0.0,0.0,24.22517155350419,16.888888888888886,27.98007314429734,18.739999999999995,5.0,5.0,5.0,6
15,0.14,146,0.8947038395237432,1.249102713526501,14.657486642657972,11.555555555555568,16.833207316177514,12.055555555555568,3.0,3.0,3.0,4
15,0.14,147,1.2546097991046747,1.6108662717748379,21.49949922532804,17.152969015771355,20.532021760188275,15.57703998744736,5.0,5.0,5.0,6
15,0.14,148,1.0519413989535995,1.7235084710802482,24.246979681349707,16.407587251788307,22.406807116247276,14.305365135152929,6.0,6.0,6.0,6
15,0.14,149,0.0,0.0,19.96378646520011,12.444444444444438,23.03220007369069,13.857142857142849,6.0,6.0,6.0,5
15,0.145,100,0.8310557454571357,1.011895400062258,19.548391786106492,13.651732043253663,19.523457612909926,13.017248642327573,5.0,5.0,5.0,5
15,0.145,101,0.0,0.0,15.134854710718981,10.666666666666671,17.97263996897879,12.166666666666671,5.0,5.0,5.0,4
15,0.145,102,0.0,0.0,21.01503436741916,14.22222222222223,24.27236469436913,15.86000000000001,7.0,7.0,7.0,6
15,0.145,103,0.5135583370197732,0.6716431255893885,15.412787497774202,13.85440775550925,17.1624534254552,12.176725566365553,5.0,5.0,5.0,4
15,0.145,104,0.48150218502177755,0.5727454082682667,20.66294349408503,11.577055474483606,21.59522127007555,11.562682016978833,6.0,6.0,6.0,6
15,0.145,105,0.5683592737802439,0.6196786924197192,15.460199655440299,11.403894874334247,16.90959337313783,11.897332633319863,5.0,5.0,5.0,4
15,0.145,106,0.21996943720768597,0.24171754681672747,11.98787507138137,9.777777777777779,12.268840893366875,9.590277777777779,4.0,4.0,4.0,3
15,0.145,107,0.0,0.0,12.666972599239198,8.888888888888896,13.661486976865419,9.177685950413231,5.0,5.0,5.0,4
15,0.145,108,0.21458031786660708,0.23499387509205505,11.85683005041463,9.777777777777787,11.115778172263715,8.750000000000007,3.0,3.0,3.0,3
15,0.145,109,1.0587017012307633,1.1956482762284104,17.933303639619318,14.741077566165417,17.910429527834093,14.025480538456158,4.0,4.0,4.0,4
15,0.145,110,0.0,0.0,12.23442479178075,10.666666666666659,13.519401360148253,11.363905325443778,4.0,4.0,4.0,3
15,0.145,111,0.525382894335054,0.7327434189941106,15.729485957820236,12.030380614505216,17.204125266365885,12.513744121338014,3.0,3.0,3.0,4
15,0.145,112,0.3787986127763696,0.4252355524047871,20.92842001385342,13.20983466423675,21.346988414130486,12.978662557612605,5.0,5.0,5.0,5
15,0.145,113,0.0,0.0,18.027891758074983,11.555555555555538,21.361451624582934,13.192307692307672,6.0,6.0,6.0,5
15,0.145,114,1.4051638575950265,2.042084058121923,20.610842542209518,15.173397765780095,21.540769609572525,13.883056461694661,6.0,6.0,6.0,6
15,0.145,115,1.3143309057103127,1.7158372741263546,17.131222826946495,14.71902708493838,17.904155217807247,13.518591291746727,4.0,4.0,4.0,4
15,0.145,116,0.5546057215023968,0.7917344313823635,17.38695929035067,13.990535151854479,19.213104422917088,14.741090627248669,4.0,3.0,3.0,4
15,0.145,117,1.1034573658336464,1.3611871174484247,15.237729318881163,12.982223648223552,15.925230419807015,11.980710388970804,4.0,4.0,4.0,4
15,0.145,118,0.9139083017419457,1.437839636760388,18.27272760169528,15.192040784471041,19.403119551545053,14.426625464335066,6.0,6.0,6.0,4
15,0.145,119,0.0,0.0,20.55917800666606,15.111111111111114,24.25983004786595,17.19777777777778,5.0,5.0,5.0,4
15,0.145,120,0.0,0.0,15.752932186697336,12.444444444444455,18.665826451989005,14.16863905325445,3.0,3.0,3.0,4
15,0.145,121,0.37295649705745376,0.4297620671918807,23.919551130159185,15.377818239757161,24.397942152762372,15.01259505656293,5.0,4.0,4.0,6
15,0.145,122,0.5258992050132518,0.7732962642312288,22.89690710191765,15.309468725721693,25.49617334180371,15.50474256150896,6.0,6.0,6.0,6
15,0.145,123,0.4774220802079142,0.6141197271438954,24.11720747100259,13.97055429246286,27.0112723675229,15.090381534968087,5.0,5.0,5.0,6
15,0.145,124,0.0,0.0,16.664319459886094,11.555555555555564,19.225608356462978,12.903061224489807,6.0,6.0,6.0,4
15,0.145,125,0.820107753161481,1.432681318384315,22.92842381339815,18.555897015064293,25.679834671005928,19.865352929422805,6.0,6.0,6.0,8
15,0.145,126,0.6800563833194775,0.8059808485074081,19.878662237141942,15.893941774117772,21.369561904927586,16.364486102956786,6.0,6.0,6.0,5
15,0.145,127,0.8153265413362056,1.0398097403789948,18.278110325132353,14.147662338652523,18.254796408901317,13.460872307657011,4.0,4.0,4.0,6
15,0.145,128,0.0,0.0,15.228333637795236,9.777777777777787,18.0442237335414,11.239644970414215,7.0,7.0,7.0,4
15,0.145,129,0.42278251690654994,0.5178473668267574,16.260179192808227,11.555555555555559,16.99381153804588,11.57692307692308,5.0,5.0,5.0,4
15,0.145,130,0.0,0.0,12.973605999931856,10.666666666666675,14.336218464421739,11.363905325443797,5.0,5.0,5.0,3
15,0.145,131,0.4799869574611,0.5969395521220531,13.441994860174837,10.439756707982173,14.702181878316228,10.929120303668839,4.0,4.0,4.0,3
15,0.145,132,0.0,0.0,14.676849454529133,9.777777777777775,16.05280409089124,10.277777777777775,6.0,6.0,6.0,4
15,0.145,133,0.6254885325507373,0.9137316331038806,19.29009305581021,14.862797924320276,17.826112779253183,13.004948183780243,4.0,4.0,4.0,5
15,0.145,134,0.0,0.0,18.739182231162122,13.333333333333332,22.112235032771306,15.233333333333333,5.0,5.0,5.0,4
15,0.145,135,0.0,0.0,8.828427124746183,7.11111111111111,10.545065732335718,8.104938271604937,3.0,3.0,3.0,3
15,0.145,136,0.380053791517312,0.4592905382819483,20.43459483572371,11.2927001557319,21.356569898578115,11.313581627913358,6.0,6.0,6.0,6
15,0.145,137,0.0,0.0,17.67708160578606,13.333333333333327,20.901345215004696,15.193877551020403,4.0,4.0,4.0,4
15,0.145,138,1.2310410831628495,1.7829966885522475,16.753745207423517,12.063183277510422,19.159499942787015,11.2518202641212,4.0,4.0,4.0,5
15,0.145,139,1.4821127432951946,2.118445042657911,21.36757234484191,15.281049259874887,20.406031589324026,13.92485613806099,6.0,6.0,6.0,5
15,0.145,140,0.5829099229075936,0.8237890852500682,19.94653738819434,14.642776067971166,22.210876453945996,13.93195102925738,5.0,5.0,5.0,5
15,0.145,141,0.0,0.0,20.069071545148038,13.333333333333336,22.347320738411018,14.275510204081636,7.0,7.0,7.0,5
15,0.145,142,0.4730754480345679,0.569689890891512,19.79058053129028,12.153490019930457,21.014870270789743,12.41702232903609,7.0,7.0,7.0,5
15,0.145,143,0.0,0.0,18.80799213429196,13.33333333333335,17.96163248824882,12.233333333333348,7.0,7.0,7.0,4
15,0.145,144,0.3502675786020767,0.39203710793127244,15.949854886917885,11.555555555555559,14.739374828535725,10.250000000000002,8.0,8.0,8.0,3
15,0.145,145,1.500361810740226,1.93430919986337,19.345828830552268,15.72329666287204,20.542605231421895,14.905254576827074,5.0,5.0,5.0,5
15,0.145,146,0.0,0.0,18.23088982295317,12.444444444444416,21.601986313883863,14.168639053254402,5.0,4.0,4.0,5
15,0.145,147,1.9578007582699921,2.312999320786198,25.374847771269874,17.948359942289795,24.232979621562727,16.275316390526353,6.0,5.0,5.0,7
15,0.145,148,1.8513877413923907,2.3988791359615482,25.009783400651525,17.284023927196824,26.885517155700388,16.81951578415341,6.0,6.0,6.0,6
15,0.145,149,0.6782828475343186,0.8934966662879139,18.21211208450285,12.937266399709044,17.700233194553803,11.939221366062851,4.0,4.0,4.0,5
15,0.15,100,0.3683247889296355,0.39844771744838225,17.035557570645757,14.063081437420218,17.013828543132178,13.409479996251852,4.0,4.0,4.0,4
15,0.15,101,0.0,0.0,16.32187739471116,11.555555555555548,17.331585371297244,11.84183673469387,5.0,5.0,5.0,4
15,0.15,102,0.917208100662006,1.1011313362952784,18.841080009272755,14.222222222222266,17.99323140885548,13.015555555555595,6.0,6.0,6.0,4
15,0.15,103,0.3589735821604144,0.42116863060693766,17.500299617288192,14.06493820966074,16.172151878476143,12.361762098334635,4.0,4.0,4.0,4
15,0.15,104,0.27987279894974926,0.2988498725386309,13.837801740328706,11.65525293218518,13.448869442893432,10.787328217058645,4.0,4.0,4.0,3
15,0.15,105,0.2899456539811399,0.32539119288135415,13.509190329696711,11.555555555555573,13.129494151791036,10.730769230769248,3.0,3.0,3.0,3
15,0.15,106,0.0,0.0,13.880510462620554,9.777777777777779,15.181808318491235,10.277777777777779,6.0,6.0,6.0,4
15,0.15,107,0.5635740686790986,0.8305124766922356,12.201421668773829,9.367238691430762,12.903003414728325,9.331047087395689,3.0,3.0,3.0,4
15,0.15,108,0.30520712307558223,0.3422858362192135,12.773725997847627,9.777777777777773,13.07311020092218,9.590277777777771,5.0,5.0,5.0,3
15,0.15,109,1.2225046598501754,1.648450311340349,21.298522732357252,14.516789440982764,23.535497753063414,14.395837249112413,6.0,4.0,4.0,6
15,0.15,110,0.5051185943744577,0.6385799599715625,14.664096579245472,11.250411086396825,16.038855633549737,10.946163190430564,4.0,4.0,4.0,4
15,0.15,111,0.43521141575105327,0.5470762371336868,14.047979718683113,12.160061105012462,13.653140052033736,11.254545143076967,3.0,3.0,3.0,4
15,0.15,112,0.7684422833873571,0.8726191555153856,17.4905978734747,12.918416655625563,16.163186427719925,11.384354677770029,4.0,4.0,4.0,4
15,0.15,113,0.5038268351348194,0.7147909428665762,18.253186617569757,12.84643591398828,17.740153265892502,12.796076364917173,4.0,4.0,4.0,5
15,0.15,114,1.3530323822013293,1.9561628996424147,20.32329148158237,17.13884895933064,20.297368915917087,16.19883555977552,7.0,7.0,7.0,6
15,0.15,115,1.5714679640274565,1.9591396593000125,18.67734993486712,14.755230066418438,18.15239483314748,13.52471809157474,6.0,6.0,6.0,6
15,0.15,116,0.4074062479712236,0.5290518932666697,19.006172865727535,14.02326924442174,20.18193738612012,14.256915870066203,4.0,4.0,4.0,4
15,0.15,117,0.5349093257522644,0.7031962855240158,15.922493137848859,12.876906491867917,17.415226869522193,11.347773845958603,4.0,4.0,4.0,5
15,0.15,118,1.0756299785838188,1.300454599854434,20.454815712846017,14.743626810927381,21.720196531816722,14.931683275352478,5.0,5.0,5.0,5
15,0.15,119,0.8610974014445907,1.4044791513758639,19.621549387954914,15.523427120979376,22.63736150689441,15.721430017930645,5.0,5.0,5.0,7
15,0.15,120,0.5682972679133436,0.745781523086482,19.810890307305513,13.049963856030104,18.307385239340363,11.500280648126529,5.0,5.0,5.0,5
15,0.15,121,0.0,0.0,19.166097568655754,15.999999999999956,17.7115276638917,13.999999999999963,4.0,4.0,4.0,5
15,0.15,122,0.919005216058155,1.498858521206486,23.231703268094755,16.367231085839805,26.019507660266125,17.58831266816496,5.0,5.0,5.0,6
15,0.15,123,0.4880484951511817,0.6287141704976108,23.977774709723054,14.741314787543434,24.457330203917515,14.418306566463439,5.0,5.0,5.0,6
15,0.15,124,0.0,0.0,20.210705584950087,13.16577617949471,23.34336495061735,14.712754880585338,5.0,5.0,5.0,5
15,0.15,125,1.3222321751584045,2.257132770292881,31.433453338388688,17.51258189024115,35.00179179134353,17.63645335305478,9.0,8.0,7.0,9
15,0.15,126,0.7628084603807062,0.9068529570030718,20.85745028864722,15.900121188569944,22.421759060295763,17.086353914085624,5.0,5.0,5.0,6
15,0.15,127,0.0,0.0,21.81181472197632,16.000000000000018,25.73794137193206,18.18000000000002,5.0,5.0,5.0,5
15,0.15,128,0.0,0.0,16.414535830407903,10.666666666666663,19.49226129860939,12.166666666666664,5.0,5.0,5.0,5
15,0.15,129,0.46376351522175113,0.6004926714378773,16.497931507089618,11.555555555555568,16.034232248754257,10.730769230769242,5.0,5.0,5.0,4
15,0.15,130,0.47380745339879965,0.6285493690675298,12.876685218426172,10.221755602994168,13.88766463640178,10.458028104664617,3.0,3.0,3.0,4
15,0.15,131,0.0,0.0,17.558001286736413,11.555555555555562,20.718441518348968,13.268888888888897,7.0,7.0,7.0,4
15,0.15,132,1.2394650859624023,1.6860927026158534,15.66519099251864,11.19108671902673,16.895102682013906,10.47296827293534,5.0,4.0,4.0,5
15,0.15,133,0.8405444652203173,1.2652337232905906,20.041415509728644,16.00602064252836,22.446385370896085,15.599551960422048,5.0,5.0,5.0,4
15,0.15,134,0.45406243846764616,0.6146700585525562,21.209542251958975,14.737671730187232,23.754687322194055,15.888510507941561,4.0,4.0,4.0,5
15,0.15,135,0.0,0.0,12.444444444444443,8.000000000000004,13.857142857142858,8.765306122448983,11.0,11.0,11.0,3
15,0.15,136,0.33911464403284697,0.37955799359134756,19.20551276314746,11.555555555555546,19.181015935643448,11.112244897959176,7.0,7.0,7.0,5
15,0.15,137,0.8470904155953352,1.0771103111221016,18.562288133104012,13.945428555247746,19.954459743086815,13.66869895735455,5.0,4.0,4.0,4
15,0.15,138,0.5112488166129039,0.7256821914778562,15.468202537878241,12.123519998155468,16.918346525804328,12.61062571236707,4.0,4.0,4.0,4
15,0.15,139,1.531322123016381,1.9175108957653697,20.76443115594536,15.037472297509108,19.188559148574505,16.006084990142032,5.0,4.0,4.0,5
15,0.15,140,0.0,0.0,20.23135816355536,15.111111111111107,24.024737819221993,17.027777777777775,6.0,5.0,5.0,6
15,0.15,141,0.7857035043733087,1.3652305570415773,17.603479965788654,13.59445835801347,20.216496523210406,14.815835476116245,5.0,4.0,4.0,5
15,0.15,142,0.0,0.0,20.257114668425604,15.111111111111128,23.95197104289609,17.153061224489818,4.0,4.0,4.0,5
15,0.15,143,0.4550696535781471,0.5501155353900267,22.506491136753453,13.333333333333314,23.898793203249046,13.586734693877533,5.0,5.0,5.0,6
15,0.15,144,0.254754722294634,0.28873863732013716,16.663342344197858,12.33608614956737,17.69417410911316,11.824705027295764,4.0,4.0,4.0,4
15,0.15,145,0.8334882754296155,1.2162951784738885,18.642501505165328,16.274605297058127,20.879601685785172,15.861315978330207,4.0,4.0,4.0,5
15,0.15,146,0.577142154442728,0.8613122719678198,18.110816854920284,12.763672390224158,20.85690964727136,13.478324757043664,4.0,4.0,4.0,5
15,0.15,147,1.0187621271194107,1.4514738087631482,24.57716875319623,17.650806481717925,25.068712128260156,17.152801584555167,6.0,6.0,6.0,6
15,0.15,148,1.273220037500379,1.505688064120649,27.501747789362675,16.822711254951283,32.45206239144797,18.052872015469596,6.0,5.0,5.0,7
15,0.15,149,0.7894646658134887,0.9513886509405349,15.724523888513001,13.123628059588281,16.093067417150024,12.693009013883039,4.0,4.0,4.0,4
15,0.155,100,0.4709336227211879,0.6363814478892348,19.804988959020488,14.670616799518164,21.030170036204794,14.884710059385084,4.0,4.0,4.0,5
15,0.155,101,0.4347823787189139,0.5756817503971986,16.653838731785633,11.158697554794468,18.215136112890537,11.641525814376921,5.0,4.0,4.0,5
15,0.155,102,0.6362718790515317,0.902324777639763,20.8214598696856,14.222222222222218,24.021697005268656,15.193877551020405,4.0,4.0,4.0,5
15,0.155,103,0.7514736180649297,1.0303455347417783,16.843465864067532,13.587107130628702,17.88544047428089,11.941793376529134,4.0,4.0,4.0,4
15,0.155,104,0.4618388475120333,0.5550157801562109,16.94418556688713,12.444444444444434,16.922573085296715,11.92857142857142,5.0,5.0,5.0,4
15,0.155,105,0.0,0.0,18.01464324309251,12.444444444444446,20.059672896963985,13.357142857142861,6.0,6.0,6.0,4
15,0.155,106,0.0,0.0,13.8539363631097,9.77777777777776,15.152742897151235,10.277777777777759,5.0,5.0,5.0,4
15,0.155,107,0.3883938365389127,0.479433826802093,14.460764226452655,10.666666666666686,13.556966462299368,9.500000000000018,5.0,5.0,5.0,4
15,0.155,108,0.37078824557429624,0.4445344552692864,14.672266212845736,11.348075413988779,15.016147452209307,11.041186355317206,3.0,3.0,3.0,4
15,0.155,109,1.2883417356361129,1.7899789681457032,19.954995241949025,16.033714398246374,21.189456044544087,14.003128857678988,5.0,5.0,5.0,5
15,0.155,110,0.0,0.0,17.966753899227815,12.444444444444422,21.200769601088822,14.251111111111086,6.0,6.0,6.0,4
15,0.155,111,0.4840279394443818,0.5750993494561109,18.605482360662748,12.444444444444436,19.75645926690273,12.714285714285706,7.0,7.0,7.0,4
15,0.155,112,1.1135428109969685,1.4129481448024233,16.673075832677412,13.070389757372343,16.204453878800386,12.062074926237777,4.0,4.0,4.0,4
15,0.155,113,0.40711537518620433,0.5778835475605187,16.416112099941,13.805389262556908,18.140289554224744,14.546012147135185,4.0,4.0,4.0,5
15,0.155,114,1.3305966312083628,1.7382051216271202,25.396935909231956,18.964287035827084,25.364541858327325,16.464917684637918,7.0,6.0,6.0,8
15,0.155,115,0.7559516735015652,1.0973333332041972,20.782861330982175,16.13390315447372,22.06853578831972,15.294498284393356,6.0,6.0,6.0,6
15,0.155,116,0.613268232766852,0.803968069224428,16.52155372277375,13.31591563423991,16.057190526423597,12.257450539330724,4.0,4.0,4.0,4
15,0.155,117,1.044275877215534,1.3350329050623615,18.90159720101415,14.730283677682491,18.877488020910818,14.015210633005077,4.0,4.0,4.0,5
15,0.155,118,0.8364557336084797,1.0543254862573765,20.419696204868696,16.343175066813618,20.82809012896607,15.928144436827427,4.0,4.0,4.0,4
15,0.155,119,0.0,0.0,19.69439592314501,16.000000000000018,23.239387189311113,18.18000000000002,4.0,4.0,4.0,7
15,0.155,120,0.34672929721256857,0.36960138431683565,17.584616847784428,13.155746874064619,17.090374658275696,12.140847170688184,5.0,4.0,4.0,5
15,0.155,121,0.9893649073574793,1.3603675257150771,20.46829943422661,16.947773448090768,21.734514386471496,16.040937866270095,6.0,6.0,6.0,7
15,0.155,122,0.6332608369764872,0.9720105101867007,22.287391117494792,16.330151603233254,24.96187805159417,16.813610038855288,5.0,4.0,4.0,7
15,0.155,123,1.152002328211944,1.6287423924189677,23.08828017488398,15.030659988524588,25.709271164124637,15.998833878091546,6.0,5.0,5.0,6
15,0.155,124,0.46295726472296117,0.5801564628533933,18.24637626211305,13.022886234294448,19.069622528377028,12.971834979086047,6.0,6.0,6.0,5
15,0.155,125,1.0829325607007265,2.1425836023517038,25.432973702143205,18.848149465993547,29.3750846259754,18.272461422521353,6.0,6.0,6.0,8
15,0.155,126,0.9648528479063041,1.119525028048343,21.47387906782086,15.405418155196305,20.50755450976892,14.012849435114743,6.0,6.0,6.0,5
15,0.155,127,1.2973848056445603,1.8967022793487427,18.851774596765733,15.611048866369856,20.01798769363198,15.78449332041015,6.0,6.0,6.0,5
15,0.155,128,0.0,0.0,14.5319726474218,10.66666666666666,14.872565756345749,10.41666666666666,5.0,5.0,5.0,4
15,0.155,129,0.0,0.0,16.06360107299692,11.555555555555541,19.033941508092507,13.192307692307674,4.0,4.0,4.0,4
15,0.155,130,0.0,0.0,16.71656828722808,10.66666666666668,19.850924841083348,12.166666666666682,5.0,5.0,5.0,5
15,0.155,131,0.5408691206996827,0.7087977632745631,17.252305033006376,12.196939423554463,16.767402968469217,11.2886772660365,5.0,5.0,5.0,4
15,0.155,132,0.8007084159254655,1.1306489405961593,15.82293120276266,11.159257457175096,17.065227454219237,10.443181456168352,5.0,4.0,4.0,5
15,0.155,133,1.0309797051629497,1.7275329063289948,20.935035690667345,16.710771595362743,24.1527293140416,15.81661742645271,5.0,5.0,4.0,6
15,0.155,134,1.602665328481427,1.805371183473732,18.070454284495856,15.218853915790879,18.04740523566359,14.452087678962133,5.0,5.0,5.0,4
15,0.155,135,0.6868562844856515,0.9624279692346362,11.043357809717053,8.000000000000002,12.423777535931686,8.500000000000002,4.0,4.0,4.0,4
15,0.155,136,0.0,0.0,17.528286564687775,11.555555555555559,19.51810480991381,12.438775510204085,7.0,7.0,7.0,4
15,0.155,137,0.5696092959694931,0.702753896201435,18.755080749088823,13.949100450268864,17.911102115379826,12.765606458941365,4.0,4.0,4.0,4
15,0.155,138,0.8289942751904136,1.0310435997122773,16.032859026089564,13.115687422212558,17.716783568770566,12.10387810406406,3.0,3.0,3.0,4
15,0.155,139,0.2703006356511348,0.3503273106224154,20.260398304057002,16.64491752304506,21.77992817686128,16.222224222788782,4.0,3.0,3.0,6
15,0.155,140,0.5870192664102841,0.9705288967702004,21.63469568672118,15.471759816914894,24.090675171565806,16.46834638675444,5.0,5.0,5.0,7
15,0.155,141,0.7867867920753807,1.1624410916889052,16.510532385234523,13.360936458952981,18.244626762973656,13.277245312032303,6.0,6.0,6.0,5
15,0.155,142,0.908223849296491,1.3793266782936435,22.16358190652102,15.093783305140164,22.60685354465144,13.754210036808972,6.0,6.0,6.0,5
15,0.155,143,0.2819224474433945,0.3205406978317959,15.226272257969399,13.174747486276175,15.913256435289027,12.158381981232829,3.0,3.0,3.0,4
15,0.155,144,0.0,0.0,15.713684880178052,12.444444444444459,16.027958577781614,12.260000000000016,6.0,6.0,6.0,3
15,0.155,145,1.0161216325821556,1.9353905157139277,20.531649219451417,17.286269712530068,23.687342753818633,17.429586999687526,6.0,6.0,6.0,6
15,0.155,146,0.0,0.0,19.520945133113017,14.222222222222225,23.081525686729293,16.173469387755105,5.0,5.0,5.0,6
15,0.155,147,1.707776613961124,2.1163419449729988,24.53481145502845,18.545250298279644,26.374922314155583,16.79398859397619,6.0,6.0,6.0,6
15,0.155,148,1.9434952479435825,2.5053268694371265,21.47926978065439,17.395218826117855,22.80802562805457,15.143159245950812,6.0,6.0,6.0,6
15,0.155,149,0.7457807165461989,1.1545560398416446,17.217153459090774,13.531239102216484,17.620680493288212,13.055531477529184,5.0,5.0,5.0,5
15,0.16,100,1.5245739203121866,1.7441432296016681,16.93668474667091,14.462163489961144,17.33363829542101,13.923820087991086,5.0,4.0,4.0,5
15,0.16,101,0.7741998872981749,1.1937319028488198,14.460471121854958,11.75515383982086,15.595797366959275,10.964508715485211,4.0,3.0,3.0,5
15,0.16,102,0.7470206063750922,0.8806829444384394,20.045578283136624,13.576321398653128,18.52426207414858,11.932313729284976,5.0,5.0,5.0,5
15,0.16,103,0.0,0.0,24.357669323103316,15.111111111111104,27.28058964187571,16.291111111111107,6.0,5.0,5.0,6
15,0.16,104,0.0,0.0,16.70761654375196,12.444444444444443,19.7550517041557,14.214285714285715,5.0,5.0,5.0,4
15,0.16,105,0.0,0.0,16.61995536544979,13.33333333333334,19.693171964090656,15.14497041420119,4.0,4.0,4.0,5
15,0.16,106,0.0,0.0,14.17742739667321,10.666666666666673,16.79899311351367,12.215976331360954,5.0,5.0,5.0,3
15,0.16,107,0.0,0.0,14.23855149779604,10.666666666666671,16.945053022170494,12.103305785123972,5.0,5.0,5.0,5
15,0.16,108,0.7079798612544077,0.8591203869709721,15.887581163969173,11.55555555555555,15.44103672297004,11.576923076923071,5.0,5.0,5.0,4
15,0.16,109,1.4972337693076025,1.9122647557614936,20.043010714380433,15.866133986548453,18.521889365521204,16.04241252943069,5.0,5.0,5.0,5
15,0.16,110,0.5252061035586338,0.7137771841999321,14.674022955691466,12.105703960513624,16.04971260778754,12.592093851784261,4.0,4.0,4.0,4
15,0.16,111,0.0,0.0,22.359659633540062,12.444444444444446,24.89793732153122,13.357142857142861,6.0,6.0,6.0,6
15,0.16,112,0.27954384062957016,0.3192253605925382,18.968511301109697,14.08272732200799,19.347881527131893,12.887895925781374,4.0,4.0,4.0,4
15,0.16,113,0.0,0.0,18.137624779325396,14.222222222222237,21.491475515147403,16.121301775147945,4.0,4.0,4.0,4
15,0.16,114,1.7296598496842528,2.769400610179247,25.732499952294685,19.360948607423953,28.82039994657005,18.749868667002133,7.0,7.0,7.0,7
15,0.16,115,0.9495446228707681,1.622833670604738,18.275174096593236,15.82276339047132,20.349779319293237,15.998560070192253,5.0,5.0,5.0,6
15,0.16,116,1.176353362383432,1.6968822268400754,17.299259149565934,12.973570672547668,17.704710535883887,11.40255234891885,6.0,6.0,6.0,5
15,0.16,117,0.40033160301725357,0.4832336795908431,18.896272970497012,14.492415184811783,19.274198429906953,14.17486079326223,4.0,3.0,3.0,4
15,0.16,118,2.2043399754514574,2.6115787663984755,24.17654915167019,17.23775043902636,23.08860443984503,15.630945844531404,6.0,6.0,5.0,6
15,0.16,119,0.6444342917791044,0.8519500318847518,20.08664813129408,15.268262984900417,20.061027406636814,13.359730111787865,6.0,6.0,6.0,5
15,0.16,120,0.3281127861666136,0.3889265651266996,17.134369010299913,13.33333333333332,16.363322404836417,12.23333333333332,4.0,4.0,4.0,3
15,0.16,121,1.9244317876777135,2.478899759176862,19.838690394729387,16.650217495501703,19.81338594269529,15.737004035926995,7.0,7.0,7.0,4
15,0.16,122,2.0225420338697564,3.1618705136250758,22.30576116985845,16.681225349482084,25.73413390068491,17.70358871433236,5.0,5.0,5.0,6
15,0.16,123,0.8731642236179846,1.3249531820727942,19.3900000563451,15.678037731046262,22.370223279291,14.888136595362173,4.0,4.0,4.0,5
15,0.16,124,0.9161566924650488,1.3945886270701306,20.906883650280182,12.845388071279533,24.07693627476793,12.795032629875852,6.0,4.0,4.0,6
15,0.16,125,1.7920651275153663,3.4297014877455214,24.566534556960026,18.954262042348255,26.086275534016867,19.04794541660094,7.0,7.0,7.0,8
15,0.16,126,1.5274370033217053,1.998304271658399,21.20087918290429,15.643952994812413,21.62489676656238,15.246678925338887,6.0,6.0,6.0,5
15,0.16,127,1.1927785027154432,1.8743479265609788,24.624234140665987,16.98599335158896,28.440990432469217,15.425405212411725,5.0,5.0,5.0,5
15,0.16,128,0.0,0.0,14.892925506551133,10.666666666666686,17.646794867969618,12.215976331360967,6.0,6.0,6.0,4
15,0.16,129,0.3004918623741932,0.3372642376410363,14.950581744450282,11.555555555555552,14.93151212487828,11.11224489795918,5.0,5.0,5.0,3
15,0.16,130,0.0,0.0,16.396487178651384,11.555555555555559,19.387172977818665,13.234693877551024,7.0,7.0,7.0,3
15,0.16,131,0.7017139797647585,0.8251494247435898,15.97727758778826,12.217124156519203,15.528212093456935,11.307358914622867,4.0,4.0,4.0,4
15,0.16,132,0.0,0.0,20.38552880654596,12.44444444444445,22.526612453387326,13.174556213017757,6.0,6.0,6.0,6
15,0.16,133,1.737224639408728,2.0477962350354764,19.693448974615453,17.56394710445382,21.76184376336944,18.31827728704959,7.0,7.0,7.0,8
15,0.16,134,0.8186312065602471,0.9250733812440003,19.265201542219938,15.572658297196483,18.72372398408062,14.273976919231318,5.0,5.0,5.0,6
15,0.16,135,0.0,0.0,11.345122497361393,8.000000000000004,12.974225831176717,8.8305785123967,6.0,6.0,6.0,3
15,0.16,136,0.0,0.0,15.990018278212936,11.55555555555554,18.946752427290775,13.192307692307674,5.0,5.0,5.0,4
15,0.16,137,0.9162364081903814,1.3324436467162086,19.454300089691174,13.852102695880488,22.444406162150084,13.208306787741272,5.0,4.0,4.0,5
15,0.16,138,0.2295750233090682,0.2403465266881463,16.365482456151355,13.33333333333331,15.629035745624545,12.233333333333313,5.0,5.0,5.0,3
15,0.16,139,0.9000514732113735,1.603378914743595,22.05373303295926,17.47838818062242,25.472061653067946,17.946559292603382,7.0,7.0,7.0,8
15,0.16,140,0.824894614114313,1.1724579495849725,22.133784881871343,16.249947683982988,22.576460579508765,14.78103793939137,5.0,5.0,5.0,5
15,0.16,141,0.0,0.0,20.23081577477882,15.111111111111107,23.92087528471934,17.15306122448979,5.0,5.0,5.0,6
15,0.16,142,1.7576765055754302,2.1512325493286255,23.054939522975182,16.0471258723523,21.30523429132082,16.22541530118382,5.0,5.0,5.0,6
15,0.16,143,0.44613388932030723,0.5858614067627471,16.03213813513102,13.023632966578417,17.71598696293324,13.752840818331364,3.0,3.0,3.0,4
15,0.16,144,0.0,0.0,16.31762239206014,12.44444444444442,18.275737079107355,13.504444444444418,7.0,7.0,7.0,3
15,0.16,145,1.8646530534251298,2.759487000750817,23.15068260102888,18.49113294128597,24.886983796106048,16.74498163739862,5.0,5.0,5.0,6
15,0.16,146,0.0,0.0,21.214455546545974,15.1111111111111,23.760190212131494,16.2911111111111,5.0,5.0,5.0,5
15,0.16,147,1.6573414882637583,2.3431825933815866,27.29855092742787,17.43379020738913,29.345942246984958,15.787485700304996,7.0,7.0,7.0,7
15,0.16,148,1.082754121610771,1.4196598307233759,23.004300034536936,17.87689719218264,21.969106532982774,16.210514989625615,6.0,6.0,6.0,6
15,0.16,149,0.9065824962405078,1.245927891156743,20.322736091838028,14.257369977861387,21.579946168947906,12.501407131323313,6.0,6.0,6.0,5
15,0.165,100,1.2877578406537884,1.6838741793616412,20.04119368086718,15.720817389787694,18.5202102318728,14.902904293850163,6.0,6.0,6.0,5
15,0.165,101,0.0,0.0,18.867263319853183,12.444444444444457,21.66787271889389,13.625000000000016,6.0,5.0,5.0,6
15,0.165,102,0.9504879940245723,1.1553092199548871,24.144575786879354,15.283472072171026,24.627467302616942,14.920489610456963,6.0,4.0,5.0,6
15,0.165,103,0.854774949257709,1.1002651758820214,20.605958747782104,14.42322778136416,19.042113664245072,12.646837595056443,5.0,5.0,5.0,5
15,0.165,104,0.82809808111701,1.262842167100285,18.133700266790335,12.92250539207575,17.62402525929179,11.925599095926714,4.0,4.0,4.0,5
15,0.165,105,0.21851401850423596,0.2259823071819829,17.695376804846916,13.33333333333334,16.899084848628803,12.233333333333338,4.0,4.0,4.0,4
15,0.165,106,0.0,0.0,13.821635060021997,10.66666666666667,15.273315665438506,11.363905325443788,5.0,5.0,5.0,3
15,0.165,107,0.0,0.0,12.618802153517024,10.666666666666671,11.830127018922212,9.500000000000004,3.0,3.0,3.0,3
15,0.165,108,0.0,0.0,16.565131728928208,11.555555555555559,19.62821082081582,13.192307692307695,5.0,5.0,5.0,4
15,0.165,109,1.8495795934738433,2.9014812765633544,25.766515685053186,16.85831986457426,27.360490188529056,15.933692627103989,6.0,6.0,6.0,7
15,0.165,110,0.39930386702872456,0.4897329913697346,17.719097982326932,12.444444444444429,19.730577217565575,13.35714285714284,5.0,5.0,5.0,4
15,0.165,111,0.35003934608894954,0.3786943427077414,17.26510598444563,13.333333333333357,17.243084165587916,12.744897959183698,4.0,4.0,4.0,4
15,0.165,112,0.9032664376310726,1.074705308014909,17.501161494378785,14.22222222222222,17.478838584309425,13.561224489795917,4.0,3.0,3.0,4
15,0.165,113,1.0574176866781073,1.2448900871254782,18.302808142039733,14.013332216188717,17.788380102544536,12.899430369584776,4.0,3.0,3.0,4
15,0.165,114,0.9193812091209578,1.648373958179898,23.71173281157507,20.17228672068254,26.55714074896408,19.535598921060995,7.0,7.0,7.0,8
15,0.165,115,1.0292594310478185,1.3277421297457699,20.157814373596867,15.441487794832135,20.132102875671364,14.638107488642897,5.0,5.0,5.0,7
15,0.165,116,0.3889557001336356,0.4407961013081747,20.197903172537146,14.916391698787164,19.288997529772974,13.619981773201395,6.0,6.0,6.0,4
15,0.165,117,0.3278685593744323,0.4340409351234636,19.137422015898178,15.675366003002068,20.572728667090537,16.165221190595883,5.0,5.0,5.0,6
15,0.165,118,1.577206251599564,2.4686739308819563,25.699854841856865,18.55223667417182,27.627343954996128,18.006210617511538,6.0,6.0,6.0,7
15,0.165,119,1.2118063913820247,1.5145766048818337,22.73693352598497,15.016710678164747,23.191672196504673,13.683977605477626,5.0,5.0,5.0,5
15,0.165,120,0.0,0.0,16.449606675604745,13.33333333333332,19.4105358772136,15.23333333333332,5.0,5.0,5.0,4
15,0.165,121,1.0206021724587269,1.7818253586820894,22.39971393703293,18.747121635636084,25.087679609476886,18.195359760223614,5.0,6.0,5.0,6
15,0.165,122,0.7043484582380326,1.0445982797482518,22.812755394972136,17.185856986738482,24.52371204959505,16.723987080219885,5.0,4.0,4.0,6
15,0.165,123,1.0157689898611282,1.274690015501587,21.47834873945122,16.464253693300204,21.450952886467228,14.379142617010539,4.0,4.0,4.0,5
15,0.165,124,0.39792880199615055,0.4773352528381726,17.23474432708191,13.107011531449142,17.21276123482798,12.528564338862228,3.0,3.0,3.0,4
15,0.165,125,1.1136481344006812,2.539683355886086,23.455309910240068,19.47546859270613,27.060367109454265,21.360291525705595,7.0,7.0,7.0,10
15,0.165,126,1.1040536801932792,1.6704357482597318,24.66314067478282,17.415312580641796,23.553299344417596,15.815280737295332,5.0,5.0,5.0,6
15,0.165,127,1.4338627595244533,2.104573541228935,20.583660928113375,16.98187892200393,22.127435497721876,17.45949426668529,6.0,6.0,6.0,5
15,0.165,128,0.554847607387875,0.6695190135619613,13.496824432197947,11.555555555555554,13.117475816500077,10.73076923076923,3.0,3.0,3.0,3
15,0.165,129,0.0,0.0,21.044549019154594,12.444444444444429,24.9359227283178,14.168639053254418,5.0,5.0,5.0,6
15,0.165,130,0.0,0.0,15.94881548596145,11.555555555555564,17.14497664740856,12.055555555555564,6.0,6.0,6.0,3
15,0.165,131,0.0,0.0,16.576580394620933,12.444444444444404,19.641776473507942,14.168639053254392,5.0,5.0,5.0,4
15,0.165,132,0.0,0.0,15.329661303358568,12.444444444444466,17.68581460317325,13.857142857142883,5.0,5.0,5.0,4
15,0.165,133,1.7372246394087307,2.047796235035476,19.69344897461545,17.56394710445383,21.761843763369438,18.3182772870496,7.0,7.0,7.0,8
15,0.165,134,0.8645679095548313,1.1607734955805555,19.939828029112338,15.20207332031697,19.914394574993576,16.181288502301673,5.0,4.0,4.0,5
15,0.165,135,0.0,0.0,11.949851477578726,9.777777777777773,14.190448629624736,11.19444444444444,4.0,4.0,4.0,3
15,0.165,136,0.6190893058206716,0.8299830378255797,14.260407635029631,12.179822158475025,13.859597361264008,11.27283466204801,3.0,3.0,3.0,4
15,0.165,137,1.250678396368814,1.4682199271153151,22.046720794332806,14.016504606292338,24.549473537567014,14.974105407280264,5.0,5.0,5.0,5
15,0.165,138,0.0,0.0,18.680316572934274,13.333333333333327,20.921954561686388,14.433333333333326,5.0,5.0,5.0,4
15,0.165,139,1.7415140199634753,1.9689285344721346,19.001044912382458,16.654485335125038,18.466991874904252,15.191234642378163,7.0,6.0,6.0,6
15,0.165,140,1.777195279837084,2.5564333505645007,24.220833809699442,17.348416509073086,23.130896288262967,15.731296255905917,5.0,5.0,5.0,6
15,0.165,141,0.4795230355430305,0.6134357888216424,19.572496537784914,15.607302093736882,19.547531618731618,14.820964807126416,5.0,5.0,5.0,5
15,0.165,142,1.2859672809101146,1.8117784329032705,20.701740180791223,16.01131209170132,20.67533489994838,15.178285314642476,5.0,5.0,5.0,5
15,0.165,143,0.4274546364436108,0.5495486381202865,19.66868314839235,12.970763126537904,21.901480087431793,13.887319602571324,5.0,5.0,5.0,5
15,0.165,144,0.0,0.0,19.634472812688006,14.222222222222237,23.21576058336962,16.17346938775512,5.0,5.0,5.0,6
15,0.165,145,1.777400010162531,2.656831456611899,25.05118628820523,18.44552227764018,23.923882905235992,17.88213186894269,7.0,7.0,7.0,6
15,0.165,146,0.5584898314730655,0.8243620293662952,21.56733209511629,14.691791825293727,24.015664437546587,13.978587345179305,5.0,5.0,5.0,5
15,0.165,147,1.0593701657963008,2.1743319005883697,21.852796103080415,17.976745026723368,25.21154856535234,19.754825210836895,6.0,6.0,6.0,6
15,0.165,148,1.378148746546643,1.8802902450960166,24.257048747570156,18.656869264600665,26.076327403637915,16.895067178363945,7.0,7.0,6.0,6
15,0.165,149,1.1463708370857812,1.5990436058775224,20.93676768164956,14.109648824562129,20.348308234975978,12.95891193273992,6.0,5.0,5.0,6
15,0.17,100,1.2877578406537906,1.6838741793616412,20.041193680867174,15.720817389787682,18.52021023187279,14.90290429385015,6.0,6.0,6.0,5
15,0.17,101,0.8861950529029369,1.258344636063571,20.104437041506856,13.00510118798832,23.194468500054786,13.92408410356811,5.0,5.0,5.0,5
15,0.17,102,1.1902618831774956,1.4908564116517684,22.081398306252982,17.04334807633564,21.087735382471596,15.477490471822303,5.0,4.0,4.0,5
15,0.17,103,0.5542993805401559,0.7389360673681441,19.537566165498706,14.859040582948598,19.92831748880868,14.533452781939872,4.0,4.0,4.0,4
15,0.17,104,0.9651564550410854,1.475208907622111,18.355694097146742,12.936679022929747,19.183872603009135,11.938679302447815,4.0,4.0,4.0,5
15,0.17,105,0.43826089326661005,0.5398578362469766,18.372673891266352,14.008848571248604,18.74012736909168,13.73086048241289,4.0,4.0,4.0,4
15,0.17,106,0.2745508166641868,0.28992667706752784,13.831050313124841,10.562134790375236,14.155215554838705,10.314584756225816,4.0,4.0,4.0,4
15,0.17,107,0.0,0.0,16.552837535806052,11.555555555555562,18.291375205986864,12.269230769230777,5.0,5.0,5.0,4
15,0.17,108,0.0,0.0,17.34566520956939,12.44444444444443,20.509479144478092,14.2142857142857,5.0,5.0,5.0,4
15,0.17,109,1.8079085563203385,2.4932501949482666,24.081856970399926,17.709550803203715,22.254216039610647,15.395234505057772,6.0,7.0,6.0,7
15,0.17,110,0.0,0.0,19.366400539026653,13.33333333333334,22.34299654024185,14.811224489795926,4.0,4.0,4.0,5
15,0.17,111,0.5816510152826997,0.792932809879995,18.179927260801012,12.861572850166258,19.000175458218813,12.81115396251398,4.0,4.0,4.0,5
15,0.17,112,1.0023054348983111,1.545397737703003,20.620605227745347,14.826147496494515,21.89624215828827,14.106420798547942,4.0,4.0,4.0,5
15,0.17,113,0.7799382818384539,1.099712771778484,22.52745264203273,13.387417924492159,20.817779896878463,11.766285285198187,6.0,6.0,6.0,6
15,0.17,114,1.4140769290680228,1.9897368523699903,25.478822859879127,19.339232375911426,25.98839931707671,19.79249563472185,6.0,6.0,6.0,7
15,0.17,115,0.46909118933208277,0.7109519847138585,22.12861089796592,17.268980239895004,24.78404420572183,18.531774419937324,5.0,5.0,5.0,6
15,0.17,116,0.7648628458227266,0.9650594946052685,17.67986575959774,13.450913743064817,20.304220833288028,14.631577587240084,5.0,5.0,5.0,7
15,0.17,117,1.2205554718186367,1.6859796389262065,23.36437614527048,16.282759926716103,23.334574645085183,15.43561042730653,6.0,5.0,5.0,6
15,0.17,118,2.459812456234924,3.3059307310705486,27.880016079933117,18.467820878445202,28.437616401531784,16.72387097503748,6.0,6.0,6.0,7
15,0.17,119,2.2128227462986567,2.5157782652656664,18.917745170241478,15.964377158676989,18.386033397705106,14.606771198573835,5.0,4.0,5.0,5
15,0.17,120,0.0,0.0,15.009430333405318,13.333333333333323,15.937947388469293,13.586734693877544,4.0,4.0,4.0,3
15,0.17,121,0.6562119860086826,1.0982470496768606,24.93347707384995,18.821697154359548,27.92549432271194,19.302933729328966,6.0,5.0,5.0,6
15,0.17,122,1.1801256591802682,1.610667493928565,22.278240405505304,16.75333936921428,23.949108435918202,15.21412631466772,5.0,5.0,5.0,6
15,0.17,123,1.2756453912351844,1.8103638495583696,27.750792305760854,16.756909103819446,29.83210172869292,17.228197172364364,7.0,6.0,6.0,7
15,0.17,124,0.3504499346887644,0.36967564192931845,17.254056726160623,13.206550436987385,15.94459706390736,11.638272572595133,4.0,4.0,4.0,4
15,0.17,125,0.0,0.0,23.698961805295124,21.33333333333334,28.021604073352783,24.010204081632658,7.0,7.0,6.0,7
15,0.17,126,0.9169966932807969,1.5105928562318913,24.778841305463004,16.913102277899483,27.75230226211856,18.149872881970882,5.0,5.0,5.0,6
15,0.17,127,1.112087760699759,1.4203278368945937,21.89148571461522,16.982246588852615,22.329315428907528,16.5258487117772,6.0,5.0,5.0,6
15,0.17,128,0.0,0.0,15.862189739172177,11.555555555555555,17.05185396961009,12.055555555555555,7.0,7.0,7.0,3
15,0.17,129,0.33310615821737644,0.39630730211549886,18.702196636876657,13.33333333333332,20.104861384642405,13.83333333333332,4.0,4.0,4.0,4
15,0.17,130,0.5974487510506119,0.6902174506007388,16.613294941324586,12.44444444444445,15.35246452167049,11.000000000000004,4.0,4.0,4.0,4
15,0.17,131,0.23193724040036015,0.25186878064811236,16.002149342107295,12.444444444444438,15.282052621712467,11.451111111111105,6.0,6.0,6.0,3
15,0.17,132,0.4599866116244771,0.48226416997815047,14.183468569345099,12.266475464395024,14.823403171956086,12.251246059628896,3.0,3.0,3.0,3
15,0.17,133,1.332936453044154,1.9838148191609892,23.443501509269545,19.064665754766697,25.201764122464763,18.482364550735237,7.0,7.0,7.0,7
15,0.17,134,1.5144411435509364,2.3241557230046843,18.70640046312036,16.98508205870087,19.550402259163512,16.75926338266156,5.0,5.0,5.0,5
15,0.17,135,0.2245374847937255,0.24556959030490302,11.777509577296627,9.777777777777773,11.041415228715588,8.749999999999996,4.0,4.0,4.0,3
15,0.17,136,0.48925747996351543,0.642876543056998,15.701492817433552,12.1708031245286,16.40991815904853,11.264487243081906,4.0,3.0,3.0,4
15,0.17,137,0.5003507674263888,0.606297642415714,19.922444289712377,13.940589577880544,21.154891417328514,12.252471308684072,5.0,4.0,4.0,5
15,0.17,138,0.38769408627502766,0.48890243568750913,17.804331111050136,13.031448537961754,18.905747002486272,13.279112547165367,6.0,6.0,6.0,4
15,0.17,139,1.6059604827487974,2.124044630343646,20.10498634487697,17.265384308625904,22.21660473317026,15.727439320537407,6.0,6.0,6.0,8
15,0.17,140,2.3613551037908023,3.082467574088321,22.029844417561787,16.9015220268452,24.530681347616635,15.974525283025883,7.0,6.0,6.0,5
15,0.17,141,0.0,0.0,21.732505960775168,16.888888888888914,25.75109064287117,19.050295857988196,6.0,6.0,6.0,7
15,0.17,142,1.949644208904359,2.3538233614323545,18.869271463965667,15.451130279182763,19.72062172972152,15.268577412485005,6.0,6.0,6.0,5
15,0.17,143,0.0,0.0,17.937653747893197,13.333333333333332,21.20944518405229,15.19387755102041,5.0,5.0,5.0,5
15,0.17,144,0.0,0.0,19.502460856206216,14.222222222222198,22.499969189334852,15.765306122448953,5.0,5.0,5.0,5
15,0.17,145,2.9399503818794677,3.171346669332773,23.77348529870028,19.453335693270333,23.7431619756152,18.303008342836645,8.0,8.0,8.0,7
15,0.17,146,1.3297985132636017,1.9597382215752766,21.674287911980066,14.710365373470566,21.065099346406665,13.51063600118678,5.0,5.0,4.0,6
15,0.17,147,0.6726262832129052,1.2601467476148769,22.500178014552798,18.62372873886707,25.95843241602424,19.717527278551223,6.0,6.0,6.0,6
15,0.17,148,1.6950853114064799,2.17922051460233,21.998623973611455,18.540100308295212,22.438596453083683,17.994431446948795,5.0,5.0,5.0,5
15,0.17,149,0.5746772066827699,1.0003535372584667,20.06452545209796,15.230830427381438,23.04285344889375,15.706793878237107,6.0,6.0,6.0,6
15,0.175,100,0.7096132365735722,0.8889954101791063,20.31289487456233,15.890774781957901,18.771291245689294,15.064019246510979,4.0,4.0,4.0,5
15,0.175,101,0.0,0.0,19.998510464336633,13.333333333333343,23.646197959744974,15.19387755102042,5.0,5.0,5.0,5
15,0.175,102,1.0480727892600363,1.948751226846579,24.73647047369287,17.20374366134788,25.231199883166727,17.66455822370541,6.0,5.0,5.0,6
15,0.175,103,0.0,0.0,19.867296137024372,15.111111111111104,23.443409441688765,17.19777777777777,5.0,5.0,5.0,4
15,0.175,104,0.0,0.0,20.828128557921477,13.333333333333318,24.62713670050154,15.193877551020393,8.0,8.0,8.0,5
15,0.175,105,0.6363060114633365,0.714803627560739,19.63462470926798,15.111111111111104,20.027317203453343,13.797777777777771,4.0,3.0,3.0,4
15,0.175,106,0.0,0.0,16.86743876561483,10.66666666666667,18.44876114989122,11.166666666666668,5.0,5.0,5.0,5
15,0.175,107,0.6080041082955252,0.7148251888185391,16.135231669831946,12.444444444444429,16.86322658984656,11.517751479289927,4.0,4.0,4.0,4
15,0.175,108,0.34016769830683247,0.3473221861709391,15.731589925363053,12.352506378930103,15.28942985349634,11.432659710444158,3.0,3.0,3.0,4
15,0.175,109,1.941462073021187,2.6769049885963723,24.67055744411596,19.276022400564216,23.56038235913074,18.687265629416547,6.0,6.0,6.0,7
15,0.175,110,0.6748398300628395,0.8903376400118374,18.334486849124477,13.90709036829104,20.41582527970111,14.138801296780585,3.0,3.0,3.0,5
15,0.175,111,0.0,0.0,17.63804026265934,13.333333333333357,20.85518281056787,15.193877551020435,4.0,4.0,4.0,6
15,0.175,112,0.845811712685656,1.1673561973815616,20.38918191378379,14.783056769616366,20.79696555205947,13.498235218021764,4.0,4.0,4.0,4
15,0.175,113,0.0,0.0,20.7016403746615,14.222222222222209,24.52960642027199,16.121301775147913,5.0,5.0,5.0,6
15,0.175,114,2.172911364328542,3.3179094459362384,24.327476645860223,20.468465318035385,24.29644670115887,18.233616125830906,9.0,7.0,8.0,8
15,0.175,115,1.928571708922951,2.493974821041314,21.229124326970396,16.978894178279162,21.20204636226763,16.047653808807222,6.0,6.0,6.0,6
15,0.175,116,1.1782728732621788,1.488671664389642,18.83369837953953,15.356934531040505,19.683443646663726,15.175494573466123,5.0,5.0,5.0,7
15,0.175,117,1.0473687928497237,1.4950251971692379,24.46288411231855,16.632209416785003,23.362054327264214,15.10412517661788,6.0,6.0,6.0,7
15,0.175,118,1.7885198633743524,3.228186652140641,22.789241993879987,17.994193122136522,26.29192523401078,16.335030117520823,6.0,7.0,6.0,7
15,0.175,119,1.0710899693363405,1.697600227069563,20.97312736851665,16.315219382150502,24.223962110636734,15.900898679419575,4.0,4.0,4.0,5
15,0.175,120,0.0,0.0,18.490766599619462,14.222222222222195,21.863444691131686,16.17346938775507,4.0,4.0,4.0,5
15,0.175,121,1.83134046426206,3.3379763283451416,24.783032802359486,19.067451558056025,28.592159655273157,17.002168678369316,6.0,5.0,5.0,8
15,0.175,122,1.5074949086945162,1.5330172278397092,24.104219965535638,16.578432860401254,23.019530067086535,15.055289341351887,5.0,5.0,5.0,6
15,0.175,123,1.6453054781363425,2.3087686621911203,28.65248727630646,17.615805739939304,26.4779681526582,15.313740217106327,7.0,7.0,7.0,8
15,0.175,124,0.34711911306439047,0.3769341096379505,15.662249421438744,13.143545213549762,15.222038269061029,12.129586806912751,4.0,3.0,3.0,4
15,0.175,125,1.7953508235233857,3.283975540053571,22.31552855490122,18.74210310971861,23.32236823082502,18.40507102254773,8.0,8.0,8.0,8
15,0.175,126,0.8726922126207399,1.5525041677203686,24.4841814181558,16.388100050302935,28.247375118267755,17.39249827404918,6.0,6.0,6.0,6
15,0.175,127,1.1120877606997674,1.4203278368945935,21.89148571461521,16.982246588852615,22.329315428907513,16.5258487117772,6.0,5.0,5.0,6
15,0.175,128,0.0,0.0,16.683651607518755,11.555555555555548,18.247743945723638,12.055555555555546,3.0,3.0,3.0,5
15,0.175,129,0.0,0.0,22.944948254444277,13.333333333333332,27.075038940244248,15.233333333333333,7.0,7.0,7.0,5
15,0.175,130,0.6181966026219188,0.9259477082880433,16.666417068073095,12.646499730610813,18.228893668204947,13.120743470508717,6.0,6.0,6.0,5
15,0.175,131,0.0,0.0,20.523260651076647,12.44444444444445,22.986051929205846,13.50444444444445,7.0,7.0,7.0,5
15,0.175,132,0.6984916391327829,0.9611583738412383,18.171200017253327,11.91286460728104,20.079713628532893,11.898074226983539,5.0,5.0,5.0,5
15,0.175,133,1.550852249064035,2.3667353528298487,23.686402057244152,18.978393762968135,24.160130098389033,18.398727605642698,6.0,7.0,6.0,6
15,0.175,134,1.990485380657483,2.859001674316104,20.82256598339365,16.917718692174653,23.186352172835022,16.012491269806375,5.0,5.0,5.0,5
15,0.175,135,0.0,0.0,11.997050065593601,9.777777777777779,14.246496952892404,11.194444444444448,4.0,4.0,4.0,3
15,0.175,136,0.31003589874432613,0.36236752595269145,17.134174054708005,13.149902684566445,18.19413252620461,11.588351740774181,4.0,4.0,4.0,4
15,0.175,137,1.2354917511939285,1.7016189904008467,21.147894638930925,13.366516192447946,22.102052607107545,12.30402892391456,6.0,5.0,5.0,6
15,0.175,138,0.5354889824567868,0.7575986291305625,20.09278955404353,13.87778284296699,21.33577462211893,14.109005468459666,5.0,5.0,5.0,5
15,0.175,139,1.2975408322562945,1.587560193137506,23.36886540668454,18.18966193506912,22.31726646338374,16.471979086427933,7.0,7.0,7.0,5
15,0.175,140,2.136099186084544,2.605427543939939,20.691278549253717,16.707357079410798,20.664886612328647,15.791009688575766,6.0,6.0,6.0,5
15,0.175,141,1.377260591947964,2.1061625182325794,21.77449526528937,16.653172105191235,24.387434697124096,17.870935315383342,6.0,6.0,6.0,8
15,0.175,142,0.0,0.0,22.250744375609994,16.888888888888893,26.255878363219797,19.162222222222226,5.0,4.0,4.0,6
15,0.175,143,0.6049098481629487,0.7731536654359896,19.548210673169745,13.020888894756776,18.0646411131524,11.47465833850441,5.0,5.0,5.0,5
15,0.175,144,0.4616089940343529,0.4982669876192345,18.312789640037536,13.714811630306071,20.391664994582612,14.651800913403354,4.0,3.0,3.0,4
15,0.175,145,0.0,0.0,30.741968812215298,24.000000000000032,35.50697397810867,26.420000000000034,7.0,7.0,7.0,8
15,0.175,146,0.0,0.0,25.589657136069743,15.111111111111086,30.257158373898793,17.153061224489765,6.0,6.0,4.0,7
15,0.175,147,2.5294667523788283,3.674459183850622,24.46089641466986,18.220450395084473,28.220511233506237,17.178675530547423,7.0,7.0,6.0,7
15,0.175,148,1.1779256841699004,1.43846917048553,28.27389160099361,18.49232445436398,31.66675859311285,19.797294168700347,6.0,6.0,6.0,7
15,0.175,149,1.3648933117129574,2.4702530502793563,21.74846845453363,15.119951988079002,20.38918917612528,14.504460521459007,7.0,7.0,7.0,9
15,0.18,100,0.490302668128736,0.5748562845758652,22.648450521183182,16.56891499041082,23.101419531606847,16.148151754470124,5.0,4.0,4.0,5
15,0.18,101,1.0226260671983254,1.1761523108941394,17.86520913684472,14.635696253467017,17.842421880292623,13.925214900226234,4.0,3.0,3.0,5
15,0.18,102,1.2401629292362353,1.9428551535311573,27.891415225743486,18.321271798465123,31.238385052832708,19.614170637879536,6.0,6.0,6.0,7
15,0.18,103,0.856801408551711,1.0987368805832676,25.196682892421173,14.084833836536996,23.28443463719278,12.350120845639976,7.0,6.0,6.0,7
15,0.18,104,0.45764093234622255,0.5189772616502546,17.081642767888702,13.112270027357456,17.059854958235782,12.533590763394999,5.0,5.0,5.0,5
15,0.18,105,0.7132144320440423,1.1221420541345342,18.75527564890929,14.605091720384188,19.91551910423085,14.818228750667407,4.0,4.0,4.0,5
15,0.18,106,0.0,0.0,15.757301753936801,10.666666666666663,18.752491343528096,12.103305785123965,5.0,5.0,5.0,5
15,0.18,107,0.9399645472312432,1.5648104404369811,17.29931747546758,12.462190107323483,18.921128488792665,12.053274494426931,5.0,5.0,5.0,5
15,0.18,108,0.0,0.0,16.983180167252808,12.44444444444444,19.593477629183884,13.857142857142852,5.0,5.0,5.0,4
15,0.18,109,1.6191846738545603,2.8032367194322165,24.42685352813432,18.74099674410982,26.25886754274439,18.168581517469075,7.0,6.0,6.0,6
15,0.18,110,0.9405391662916714,1.0128968243144718,19.929023647868025,13.376783507989487,18.416553103163753,11.756938630068884,5.0,5.0,5.0,5
15,0.18,111,0.0,0.0,21.66319173966977,15.111111111111123,25.56256625281033,17.197777777777794,5.0,4.0,4.0,5
15,0.18,112,0.8170014062654001,1.2151878340862674,21.17093913076494,14.555431651721511,22.480620951992112,14.767843975870658,6.0,5.0,5.0,5
15,0.18,113,0.8629454678478471,1.3588004973403036,17.19593779477699,13.46553359653587,19.803310019576756,12.395175561252799,5.0,5.0,5.0,5
15,0.18,114,2.2862274706147208,3.8477878429191823,23.628425138211185,20.476415283559945,22.565146006991675,18.492099311100723,9.0,8.0,8.0,7
15,0.18,115,1.6206905559237947,2.7454165123301575,23.265793140181085,18.05011934507864,25.906935473696546,17.038148948122995,6.0,6.0,6.0,9
15,0.18,116,0.648027926329159,0.968820396360693,21.660481040808357,16.27206303132349,24.25973876570536,16.753801739487677,6.0,6.0,6.0,6
15,0.18,117,1.1237485913735843,1.4801621715642173,23.56023847626263,17.58313062279657,25.017727718735507,17.728909129235575,6.0,5.0,5.0,7
15,0.18,118,1.978285171445032,4.164666436348051,28.111072920473347,20.20150101500973,33.17106604615855,20.65603478784745,7.0,7.0,7.0,8
15,0.18,119,1.588916774174372,1.8286436829367758,20.294204531940405,15.661921511413336,18.754019366569928,14.847072614303686,6.0,7.0,6.0,5
15,0.18,120,0.0,0.0,18.49076659961944,14.222222222222234,21.86344469113166,16.173469387755116,4.0,4.0,4.0,5
15,0.18,121,1.5400798834937837,2.6561851956167835,24.056311930081378,18.085772982828182,26.787194279287046,19.127871370647533,6.0,6.0,6.0,6
15,0.18,122,0.0,0.0,20.412024024979882,17.777777777777814,24.086188349476263,20.14444444444449,5.0,5.0,5.0,6
15,0.18,123,1.797136604543503,2.9012618304008235,30.890616234148624,18.03206132819582,29.500538503611935,16.329260991408237,8.0,7.0,6.0,8
15,0.18,124,0.0,0.0,17.59876728683262,14.222222222222237,20.85297721413155,16.121301775147945,5.0,5.0,5.0,5
15,0.18,125,1.824401804442775,2.9527698988854194,27.85944094991474,19.196470011137293,29.948899021158347,18.590581426410772,7.0,7.0,7.0,8
15,0.18,126,0.9510727941922908,1.195892451269518,22.096978486930986,17.38913306417418,21.10261445501909,15.768217446406517,5.0,5.0,5.0,6
15,0.18,127,1.8480288475587259,2.527995536194865,23.901427782449705,17.745726221892177,22.82586353223947,16.091571027637226,5.0,5.0,5.0,6
15,0.18,128,0.9055156881771096,1.6847379839369023,16.417010847034813,11.444651573152571,19.577285435089017,11.275025487336203,6.0,5.0,5.0,6
15,0.18,129,0.6913420640140072,0.7936919116111592,16.14653724301222,12.739130595644857,15.692714450679038,11.756370742741192,4.0,4.0,4.0,4
15,0.18,130,0.7407121520645333,0.9651457013069624,18.411574945455644,13.872199405940583,17.58305407291014,12.69522998759281,3.0,3.0,3.0,4
15,0.18,131,0.7022832613768223,0.8694929236761092,20.118406299548678,13.333333333333343,19.213078016068987,12.233333333333341,7.0,7.0,7.0,4
15,0.18,132,0.5423471726340159,0.6582952261934654,19.411790428209258,12.822065620093435,21.61542480079934,12.256193846553597,5.0,5.0,5.0,5
15,0.18,133,1.1958048636521537,1.641595187176208,24.82317940136264,20.179696631349366,26.684917856464843,20.65265827114662,6.0,5.0,5.0,7
15,0.18,134,1.7116741260597401,2.5893485036652675,22.864705462303757,17.323925429617518,25.608470117780207,15.732289780771406,5.0,5.0,5.0,5
15,0.18,135,0.18516342081753634,0.20083234510613876,12.633186748833454,10.666666666666645,12.27811197334849,9.943786982248502,3.0,3.0,3.0,3
15,0.18,136,0.7718733048895875,0.8910806317264912,17.978747660668148,12.918086355123398,17.955815584570356,12.3479769317978,4.0,4.0,4.0,4
15,0.18,137,1.0022041138112026,1.3547260842691973,20.296272511246972,13.437183700786562,18.75593040101841,11.81002473701944,4.0,4.0,4.0,5
15,0.18,138,1.0497826831574324,1.508065777825279,20.265485938364787,13.498622970767263,20.23963710425973,12.871255528806381,5.0,5.0,5.0,5
15,0.18,139,1.297540832256299,1.5875601931375054,23.36886540668452,18.18966193506916,22.317266463383717,16.47197908642797,7.0,7.0,7.0,5
15,0.18,140,1.5740368325922178,2.4373390904772014,21.79153781410503,18.00368406249748,24.265322081267463,15.630915918391153,7.0,7.0,7.0,7
15,0.18,141,1.5170379327953567,2.3204471033596112,21.154441021819377,16.45623985105096,22.4631022329906,14.347784120135058,5.0,5.0,5.0,6
15,0.18,142,1.3205455645686361,1.730381021543677,19.29340691028688,16.799951227786654,19.26879797290131,15.901025266044755,5.0,5.0,5.0,7
15,0.18,143,0.6522437927488111,0.8796007649100083,19.64973808782257,12.99061693483725,22.66988278116775,12.41730654460081,4.0,4.0,4.0,5
15,0.18,144,0.0,0.0,20.598512366997618,15.111111111111107,24.355638984957643,17.15306122448979,4.0,4.0,4.0,6
15,0.18,145,2.574234344658069,3.8587487377489342,25.395078515714797,20.58521013381287,29.33131568565059,18.543843462209754,9.0,9.0,8.0,6
15,0.18,146,0.8947329753508989,1.1730634673735805,21.60687732962396,14.398914916634405,21.579317537111685,14.609043139269867,5.0,5.0,5.0,5
15,0.18,147,1.8817149452258488,2.390979926257307,28.17883616709122,18.32842027389408,31.560296507142162,16.5772592498992,7.0,6.0,6.0,7
15,0.18,148,1.0674363551656616,1.3917185115553,24.347892901624338,18.151967779213763,25.854108215053905,17.134287303651398,6.0,6.0,6.0,7
15,0.18,149,1.8477925092533871,2.771918852802263,18.88392127656673,16.73469195913758,20.867291706501994,16.512202249103932,5.0,5.0,5.0,5
15,0.185,100,0.5910142598775231,0.9386066243770925,22.91491718613404,16.21017416613551,24.332485404919122,16.390275121055986,5.0,5.0,5.0,6
15,0.185,101,0.5741240796654487,0.8657510457281087,20.40050897149984,15.111111111111107,22.716383076682856,15.331632653061224,3.0,3.0,3.0,4
15,0.185,102,2.2657651029482664,3.6707797578073498,30.68793981126126,18.59411820130669,34.37049258861261,16.817571473160104,7.0,7.0,7.0,8
15,0.185,103,1.4552529059484238,2.0509654991717965,19.575982196214582,15.237115401879343,19.02576967886536,13.966416613741846,5.0,5.0,5.0,5
15,0.185,104,0.9029354998547674,1.3551653245095137,18.03451728033552,13.459363000041677,18.848204820350663,12.38949545757812,4.0,5.0,4.0,4
15,0.185,105,0.3065821017013658,0.2921133489300986,18.48099821904173,15.459211474448256,18.850618183422565,15.09205520193011,4.0,4.0,4.0,4
15,0.185,106,0.0,0.0,17.84838746627935,11.555555555555562,21.061097210209635,13.268888888888897,8.0,8.0,8.0,4
15,0.185,107,0.8659479569840555,1.0824228085360224,15.17418488981545,12.822855155677152,15.5298298481705,12.402105220881495,4.0,4.0,4.0,4
15,0.185,108,0.8822602904118957,1.3852367491003759,19.5830524360788,12.428489161794436,21.418963601961185,10.952606073831348,6.0,5.0,5.0,6
15,0.185,109,1.7263613197060022,2.8274385315829025,25.509482180293283,19.134172302145465,27.42269334381528,18.549748126395155,6.0,6.0,6.0,9
15,0.185,110,0.0,0.0,22.35350502847548,14.222222222222204,25.789215941653154,15.76530612244896,5.0,5.0,5.0,6
15,0.185,111,0.0,0.0,21.66544594925653,15.111111111111132,24.265299463167313,16.291111111111135,6.0,6.0,6.0,5
15,0.185,112,0.9192832814253704,1.5287237353343914,18.36284344761092,14.334537374089487,21.147150331309323,13.165459306401935,5.0,4.0,4.0,5
15,0.185,113,0.5904023005240225,0.920374593678573,22.50040459771441,14.462269354547496,25.054659711485563,15.420416401371137,5.0,5.0,5.0,6
15,0.185,114,3.3733961783277806,4.293887511724103,22.325394631097442,20.240597732587812,22.296918362435328,20.28792906231963,9.0,8.0,8.0,8
15,0.185,115,1.907927667773809,2.755080418175696,24.151276965355652,18.178380097466576,24.634302504662763,17.643357319597957,7.0,7.0,7.0,7
15,0.185,116,0.7165584032500026,1.106898548323257,19.479144647236584,16.3575410995454,18.602583138110937,14.878905476468073,4.0,4.0,4.0,5
15,0.185,117,0.9240254152729762,0.9932552337368902,20.712429851806338,18.242011122822607,21.126678448842465,16.541595086016642,4.0,4.0,4.0,5
15,0.185,118,2.766502638356222,3.185252866256462,22.80628183657553,19.57579109347314,24.217129628761647,19.654194134332208,8.0,8.0,7.0,8
15,0.185,119,0.8212343922566567,1.3255840032710422,23.020639778215354,16.061029937346692,25.633952202017863,16.239473845418047,5.0,4.0,4.0,6
15,0.185,120,0.8340825083961598,1.0218760596077932,18.48623051831874,13.700472237637808,18.462651142657624,13.063723567792238,4.0,4.0,4.0,4
15,0.185,121,3.139630567598447,4.227770369173609,22.11534878362248,18.930060510440306,24.18866273208709,18.042713924013416,7.0,7.0,7.0,8
15,0.185,122,0.47538008531375436,0.7245308499992724,24.05710924612504,17.27296194875321,26.943962355660044,18.536047291255787,5.0,4.0,4.0,8
15,0.185,123,1.027259451651883,1.9642144898030613,23.468455597425137,18.285983869947312,27.075533275345713,18.415325824500513,6.0,6.0,6.0,10
15,0.185,124,0.0,0.0,17.598767286832608,14.222222222222218,20.85297721413154,16.121301775147924,5.0,5.0,5.0,5
15,0.185,125,1.3863344534140591,1.9538517679461729,31.21024939557274,20.201607145555613,34.95547932304147,20.656143306330616,6.0,6.0,6.0,8
15,0.185,126,1.8565752104298816,2.1769541533162813,22.908576272767366,17.617659518603926,21.877690340492833,15.975441970619775,5.0,5.0,5.0,6
15,0.185,127,1.6963501050318563,2.7385316950386054,22.121379371856218,17.707993136578985,21.125917300122687,16.0573552049193,5.0,5.0,5.0,7
15,0.185,128,0.7983988977699175,1.0836086609410738,18.744823129055185,12.845931760354578,20.872743101613743,11.320477363812472,6.0,6.0,6.0,4
15,0.185,129,0.35365454655418554,0.46350123960007816,17.04083477719446,12.976950646825419,18.09501907144692,13.223578918046975,4.0,3.0,3.0,4
15,0.185,130,0.6154432326961757,0.8133991975860003,21.58883137686244,13.958555259792595,24.179491142085936,15.077420704835346,5.0,5.0,5.0,5
15,0.185,131,1.5552019805417632,1.9527102844478488,16.868849585305945,13.353652545484962,17.264213247461555,13.823116892787167,5.0,5.0,5.0,5
15,0.185,132,0.5606560795941368,0.725483173566153,20.75495035425083,12.845427955856843,20.17160115790354,11.854467796244514,6.0,5.0,5.0,6
15,0.185,133,2.257669149246267,3.8031102750692876,23.991262063855313,21.019872965475017,28.367219302543205,21.08586942690508,7.0,7.0,7.0,7
15,0.185,134,0.9452910983800504,1.63311743532184,27.417979691342897,17.772042137792223,31.667766543501045,18.2480789807688,7.0,6.0,6.0,7
15,0.185,135,0.39902094076234196,0.46630277975763035,19.30028892393817,11.555555555555543,21.491265600252575,12.438775510204067,6.0,6.0,6.0,5
15,0.185,136,0.5675362967372265,0.6203479738189048,19.556830951818416,12.710465215362868,21.77693038384882,13.608628191040296,5.0,5.0,5.0,5
15,0.185,137,1.0582789115607305,1.3328594408164982,20.236280007834257,13.469110719466789,18.700490900096835,11.838085593281358,5.0,5.0,5.0,5
15,0.185,138,0.36077268190271106,0.43280441047735013,18.40956013162353,14.085647404824414,19.790277141495295,13.806135339134931,4.0,4.0,4.0,4
15,0.185,139,1.2590099198917484,1.7997319509899592,24.999416200431657,18.525860165522207,26.87437241546403,17.960015958292672,7.0,7.0,7.0,8
15,0.185,140,0.9334509241414466,1.5686913706690089,23.287996222996828,18.396099431133955,21.520603652501535,17.344281634245142,6.0,6.0,6.0,7
15,0.185,141,0.5263172415555423,0.7815662935471264,19.028452872599818,17.244402139319007,20.205595684233867,17.410467491553522,6.0,6.0,6.0,6
15,0.185,142,1.474750360957837,2.7954690006802534,27.978743680810144,19.13708339286326,31.33619292250736,20.46627864156322,7.0,5.0,5.0,7
15,0.185,143,0.6667860138162046,0.8164858095044181,20.729747458253016,12.738197293645412,19.156507695796314,11.225536365025018,5.0,5.0,5.0,5
15,0.185,144,1.0836998717273698,1.5351436199764292,21.558456695211614,16.000000000000018,24.900017482969414,15.620000000000017,4.0,4.0,4.0,4
15,0.185,145,1.9073695484569178,3.1127004200222315,27.168671542408024,22.47825221463228,30.428912127496993,22.929824245729804,7.0,7.0,7.0,13
15,0.185,146,0.894732975350909,1.1730634673735811,21.606877329624005,14.398914916634382,21.579317537111727,14.609043139269843,5.0,5.0,5.0,5
15,0.185,147,1.219471310165624,2.4432094082259566,26.234049269480366,19.322777994497248,30.300326906249822,18.732593144882713,5.0,5.0,5.0,9
15,0.185,148,1.164593463165041,1.370907226297932,23.524343962350773,19.58356337846948,22.465748484044987,17.712481616548317,5.0,5.0,5.0,7
15,0.185,149,2.0824894825132323,3.9841111614457425,21.273290562808096,16.428335159221906,24.431044630724923,16.868379850986777,6.0,7.0,6.0,7
