Number of Qubits,Depth,Seed,Lower Bound,Lower Bound (normalized),Generic Upper Bound,Generic Upper Bound (normalized),Main Thm Upper Bound,Main Thm Upper Bound (normalized),Greedy Upper Bound,Cotengra Upper Bound,HyperOpt Upper Bound,Largest HSC Rank
10,10,0,2.2652916738290356,2.5106309167451566,81.44010345957058,75.31725184757869,71.62876460344646,64.93916812005632,7.0,8.0,7.0,12
10,10,1,2.338236196420044,2.5875027499559544,80.28701297313775,74.32634687880065,70.61459046183116,64.08480152037342,9.0,9.0,9.0,12
10,10,2,2.3613737402230495,2.621800993696529,78.21708391726209,72.07509291439182,67.9085823683838,61.30182036657045,10.0,10.0,9.0,12
10,10,3,2.3364198364268276,2.5876139896557175,79.40938843725844,73.65655651014256,69.84269604347602,63.50730263016558,10.0,9.0,10.0,12
10,10,5,2.206800732275021,2.435210553595946,84.82635217986876,78.77393618340983,74.48361390387684,67.85844279233298,7.0,7.0,7.0,14
10,10,7,2.353605593566303,2.6157850714706634,77.96320050589613,72.42372180020358,69.55341765359425,63.331065960792785,9.0,9.0,9.0,16
10,10,9,2.280189326897818,2.519957127596879,81.77323657549213,75.72354781379906,70.9127285928096,64.38133537186148,11.0,9.0,9.0,14
10,10,11,2.2769045224221345,2.5238250451409434,81.62032002554098,76.33521141267647,72.65324385085998,66.65321471999577,9.0,8.0,8.0,14
10,10,13,2.2430265690780167,2.4842254745951022,82.66035449877317,76.77830868176277,73.57901672424977,67.04011162997602,7.0,9.0,7.0,16
10,10,15,2.2655265423919433,2.500594753391689,82.41431746934013,75.9403331044755,71.46866593044341,64.56564958990428,9.0,8.0,9.0,16
10,10,17,2.2670242127347424,2.5033494110436596,82.60456424135043,76.66861955580123,73.52935576756926,66.94433495326469,7.0,7.0,7.0,14
10,10,19,2.2475104536446366,2.482198505926479,82.8602574807061,76.4258259176148,71.85537953404982,64.97842311314449,9.0,9.0,9.0,18
10,10,20,2.399390140961966,2.666551837869419,76.95165959359949,71.28859785515185,66.8099327178126,60.63288499803767,14.0,12.0,12.0,16
10,10,21,2.422364529973602,2.694175261615231,76.07183854303236,71.58361503570633,67.86607429565659,62.596432948376496,14.0,11.0,11.0,14
10,10,22,2.3296154133154268,2.5838419214545123,79.69910037205047,74.46482923337841,71.92401837559196,65.91075806998867,11.0,9.0,9.0,14
10,10,23,2.353628411565141,2.611900342613514,77.65766118343758,71.98692062739441,67.42288790246823,61.22682744626656,10.0,10.0,10.0,12
10,10,24,2.33836762073379,2.597290070765617,78.45503565639825,72.97653098396518,69.99219922512562,63.81447103871905,7.0,7.0,7.0,15
10,10,25,2.2427287624445014,2.480244122704991,83.24366122282031,77.06438018974269,74.0982394576179,67.28989918271596,8.0,8.0,7.0,14
10,10,26,2.207576051518919,2.435471758046922,84.82614814839272,78.76447132924415,74.48343474962473,67.85028945766345,7.0,7.0,7.0,16
10,10,27,2.4066211386057135,2.6657447660970823,75.81685564258588,69.42233546944132,66.80307391618956,59.91533230654284,13.0,13.0,12.0,14
10,10,28,2.2491623494201587,2.4836005218640382,82.81542119395789,76.21814723789441,71.81649806663536,64.801851477046,10.0,9.0,9.0,16
10,10,29,2.249927886823525,2.48965341563063,82.53164568723015,76.67086085346051,73.46444828506864,66.94629197534364,9.0,8.0,8.0,12
10,10,30,2.2463632158059132,2.48054150957687,82.87073720927164,76.47744325151997,71.86446742366526,65.0223089713893,10.0,9.0,8.0,14
10,10,31,2.2496469588910464,2.4840253992112706,82.95864624744954,76.97648416728373,73.84453716264674,67.2131514754709,8.0,8.0,8.0,12
10,10,32,2.198494762040372,2.442092615021457,84.86535433044719,78.22222222222221,74.51786058607468,67.38879633486047,8.0,7.0,7.0,12
10,10,33,2.3206721798816385,2.575669078940029,79.9408815908208,74.54928652362223,72.14221251756508,65.98551341532172,8.0,8.0,8.0,12
10,10,34,2.344447317512731,2.590661024795457,78.81033274695197,73.02630866638927,72.11089578907959,65.5274924643453,8.0,8.0,7.0,12
10,10,35,2.4246861696829844,2.6783760752805463,77.8483915914481,71.40689615505096,69.45099301831578,62.44190077564201,11.0,11.0,11.0,12
10,10,36,2.2638774838546185,2.501594190842106,82.63410231050327,76.68609576650175,73.55564868752319,66.95959456416715,9.0,9.0,8.0,12
10,10,37,2.2439308253337757,2.480327954040028,82.99622378142627,76.99069524401665,73.8779863054395,67.22556008653454,8.0,8.0,8.0,14
10,10,38,2.2801857428278396,2.5215082084604195,82.01883554320479,76.4695794393295,73.00797714612418,66.77054014251395,7.0,8.0,7.0,14
10,10,39,2.5413992281496465,2.82344705488425,73.6147737754147,67.83940004148808,63.99466129340029,57.72252748783263,11.0,12.0,10.0,14
10,10,40,2.56804225341272,2.883018814462099,72.14572132587138,67.7135841030551,62.717587288967735,57.615474448446015,14.0,14.0,12.0,12
10,10,41,2.3696066215641944,2.625891132009343,78.45669731279229,73.93489736531173,69.00477853852031,63.747290456926564,10.0,9.0,9.0,12
10,10,42,2.3789431086935062,2.6384633456892983,78.26932589087248,71.90361877316177,69.82652171573466,62.876260845931924,12.0,10.0,9.0,14
10,10,43,2.279803397527614,2.545715914183672,81.17536275983669,74.66666666666671,73.25626331450178,66.09529198732463,7.0,7.0,7.0,13
10,10,44,2.379243113037857,2.6370802194854996,77.78397137938971,71.11711441736931,67.53255123835602,60.48703368555619,13.0,11.0,12.0,12
10,10,45,2.197668446213255,2.4410193969903493,84.86530187024267,78.2222222222222,74.51781452225703,67.38879633486046,7.0,7.0,7.0,12
10,10,46,2.309918195638542,2.565475700086209,80.46119479748648,74.69667343721859,70.76778806797944,64.40410019426943,8.0,8.0,8.0,16
10,10,47,2.4651278569906125,2.735789585813745,74.7520000183983,68.99741206433386,65.86481779398873,59.548599801079256,12.0,12.0,11.0,14
10,10,48,2.3266306409980397,2.581019422909208,79.75553357685703,73.61996555801534,70.14714001726398,63.47575360343433,11.0,9.0,9.0,14
10,10,49,2.3511029393176157,2.5972261970621444,79.529409311972,74.40733389014066,71.77088160408157,65.85986744555149,12.0,9.0,9.0,16
10,10,50,2.2082643219017757,2.4357326180186885,84.8219091388036,78.75017538308266,74.47971259553633,67.83797446247897,8.0,8.0,8.0,14
10,10,51,2.3074740354132266,2.55040745141681,80.6069482737337,74.38394871014344,70.89598217624736,64.13446630391017,10.0,9.0,9.0,17
10,10,52,2.3259727211859422,2.576268887253327,79.71064446420982,73.98421683758471,70.10765883359062,63.7898141208012,11.0,10.0,10.0,14
10,10,53,2.2856872494680522,2.528734309353158,81.39972351558553,75.92040021402241,70.58882273617184,64.5487023371376,9.0,9.0,9.0,12
10,10,54,2.2066782941335323,2.435165683064635,84.82645131717707,78.77507907278972,74.48370095353543,67.859427314592,7.0,7.0,7.0,14
10,10,55,2.3081960654879943,2.556913191971785,80.54873222280585,74.3209505284077,70.84477959139156,64.08014874166993,9.0,10.0,9.0,12
10,10,56,2.4395829377171667,2.713099763939108,75.01534359377034,69.9610853501903,66.09685274428877,60.38030338417815,9.0,10.0,9.0,12
10,10,57,2.3292926225783446,2.6073880007088226,79.24202387674276,72.66837971379897,72.50589011264584,65.21232385573289,7.0,7.0,7.0,14
11,10,0,2.8667953790511547,3.2047094820190303,76.8407642235161,69.9543879843945,68.55205702407493,59.50388490135996,14.0,13.0,13.0,14
11,10,1,2.9152935838399046,3.244935849837286,75.05355803699253,69.05968349449715,66.13052391481676,59.608338269026305,15.0,12.0,12.0,14
11,10,2,2.8976936426165705,3.2449445611599734,81.05644850278509,74.03229616460304,72.15132110379747,64.64795611548577,15.0,12.0,12.0,13
11,10,3,2.8817885375900736,3.204794834074066,77.27375422439069,70.74463210219025,69.73527797479532,62.62348815174268,15.0,16.0,13.0,13
11,10,5,2.645430930612516,2.9607562252594817,82.76708473660894,75.94689925103752,72.6754295693277,65.42859535941906,13.0,13.0,12.0,13
11,10,7,2.8742742798764827,3.2248083462074737,76.01078993916266,68.87331045008328,65.9930635477241,58.584309803576936,14.0,14.0,14.0,15
11,10,9,2.890383884223075,3.214425772760125,75.74046642442319,68.55277178126121,65.75836690924785,58.31165648467036,17.0,14.0,14.0,14
11,10,11,2.705036067311081,2.9948355521145302,81.80902838189196,75.50466156172708,71.8341874577775,65.04760560062805,15.0,13.0,13.0,15
11,10,13,2.819877380249806,3.15729233603563,79.73655144708651,73.30338729027196,69.14654070802034,62.32918832094345,16.0,12.0,12.0,14
11,10,15,2.8309079042372636,3.1614357466114344,79.39879978785683,73.30546478355114,68.8536466910321,62.330954794153236,17.0,13.0,14.0,15
11,10,17,2.7818006673506623,3.101349250387382,79.48839134321126,72.84945281490207,68.93133936794102,61.94321205918271,14.0,12.0,12.0,14
11,10,19,2.785542484338053,3.121399518614628,77.03608482314483,70.66946757105788,67.75531158930174,60.93737686671362,16.0,12.0,13.0,14
11,10,20,2.849837588356325,3.1678975761970745,76.4149523801407,72.13818587548373,67.20900887531276,62.203833851660434,15.0,13.0,12.0,13
11,10,21,2.782419236635734,3.08695163879541,79.59145251062775,73.36061482814172,69.02071272406,62.37784836404492,16.0,13.0,12.0,14
11,10,22,2.7467395642712007,3.064859835499722,80.21470330293923,74.14745269369024,69.56118802051762,64.74851539332161,14.0,14.0,12.0,13
11,10,23,2.9705097169068924,3.3227653985362444,73.18375864920702,66.89438839042587,64.48302289869021,57.7393803403959,16.0,16.0,14.0,14
11,10,24,2.6639714506687326,2.9736716149855793,81.75466277233723,75.47316090652677,71.78645055800915,65.02601279245398,11.0,12.0,11.0,14
11,10,25,2.8354393771986626,3.159686720582383,76.73880679158985,71.42843228040466,70.21546422465356,62.46663647587047,11.0,11.0,10.0,13
11,10,26,2.859480980004568,3.209280563016583,77.74306393878281,71.61898091976117,68.37711876417504,61.75613006747503,14.0,13.0,12.0,13
11,10,27,2.8092769341753008,3.133257359749377,78.00318865632683,69.81901786979205,68.60590545978317,60.20967796923928,17.0,15.0,14.0,12
11,10,28,2.8209165954706776,3.1336174871237734,79.12331560000926,72.93398997284895,68.61475024688303,62.01509321819279,16.0,14.0,13.0,15
11,10,29,2.9144154739850925,3.273745087017572,74.06460779816275,67.38919325625552,65.25914887104787,58.16646738057736,16.0,13.0,13.0,14
11,10,30,2.919199048438413,3.2529921082527453,78.37628120487888,72.04187716956463,70.73024743409961,63.77181571657161,15.0,12.0,12.0,11
11,10,31,2.835033234096635,3.195819182759814,77.84697730939841,71.43371799376548,68.46851337256561,61.60214348146749,15.0,13.0,12.0,12
11,10,32,2.734926064433822,2.9894659072130296,77.53190388021704,72.38392069570101,69.96824372350054,64.07459428887998,12.0,12.0,12.0,13
11,10,33,2.7697426105682834,3.083188063314682,81.15765820268236,74.42012989673414,70.3789067226386,63.27874417091493,13.0,13.0,11.0,12
11,10,34,3.1206077804278194,3.5224775880953283,74.49397927073387,68.27415393644657,65.63747284632441,58.930314431567965,15.0,14.0,13.0,11
11,10,35,2.6726114848593867,2.9722845192500196,82.01844345008077,75.63250314610664,72.01806888947637,65.1577417006791,14.0,13.0,12.0,14
11,10,36,2.7407015679034172,3.045848966616439,78.87366261529263,72.7687507539724,70.20834323617115,63.54457782670821,15.0,13.0,12.0,12
11,10,37,2.7482649902305205,3.0659030945529753,78.94153040233984,73.01534223048108,68.45710839577909,62.0842662860922,16.0,13.0,13.0,12
11,10,38,2.88363010157608,3.2092197284709063,77.01814591415173,70.93447607739127,67.73953383565305,61.16589030792619,17.0,17.0,14.0,12
11,10,39,2.804680335819718,3.1138435176162385,79.93989966265356,73.71481386108061,69.3228817387074,64.37071789529162,15.0,14.0,12.0,15
11,10,40,2.748953967550373,3.087587066948605,77.27981259283183,71.91645415171186,67.96967672761348,62.01263742583189,15.0,13.0,13.0,13
11,10,41,2.745052542413319,3.0514883915017395,77.48534268502853,70.91988805795954,70.8985392750713,63.649240271404274,8.0,8.0,8.0,13
11,10,42,2.939103138124914,3.304423983681951,74.77094417353456,69.8700304356043,64.91662136805515,59.43212954735854,14.0,13.0,13.0,11
11,10,43,2.75737135984305,3.0867263093585504,79.496555627483,72.78488981222209,70.76280317817458,63.558671096585336,16.0,13.0,13.0,12
11,10,44,2.9285231437527757,3.2722489978257063,74.87735207263584,69.51113808502214,65.00900540001945,59.126852212564565,14.0,13.0,13.0,14
11,10,45,2.5948991861329134,2.8799125951644915,81.363634863915,76.37410780322254,71.44310004241933,65.79663744896645,14.0,13.0,12.0,15
11,10,46,2.9634819863027535,3.343131002126543,76.75590960121386,70.48361579936518,66.63998129779301,59.954051243972216,14.0,12.0,13.0,14
11,10,47,2.8146646752652487,3.13560415230687,77.1080619646897,70.73496585413272,67.81861742401382,60.99385519741339,17.0,14.0,14.0,12
11,10,48,2.7820460968399634,3.1223928575138613,80.48882232070063,74.88738018412268,71.64605619660023,65.39464961322695,10.0,10.0,10.0,17
11,10,49,2.7990452063894193,3.113583823386586,74.55961189948097,69.23664039065171,64.73314130946784,58.89336179570679,17.0,14.0,13.0,12
11,10,50,2.863009224841437,3.1872004992065803,78.99220836623168,73.26127527060503,69.47577493415228,64.85123277287146,12.0,11.0,11.0,13
11,10,51,2.6848555178939817,3.002021804284049,81.94085976658727,75.46348112169323,71.94994485752088,65.01767290308332,13.0,10.0,10.0,13
11,10,52,2.735642155706521,3.0781682415970963,77.72030877538715,71.99655520010776,70.1382686934062,63.73169649150876,13.0,12.0,12.0,12
11,10,53,2.720466825440034,3.032026912907451,78.88301656624257,73.74422296889944,70.21666953137706,64.39639910214544,13.0,13.0,12.0,14
11,10,54,2.8689137871833266,3.2267662888599156,73.98565955733119,67.3742815834548,65.18958669884849,58.159593008378714,16.0,15.0,13.0,16
11,10,55,2.9844261451229337,3.333002194884895,73.82075632720255,67.42150898184978,65.04428863052402,58.1943604522678,15.0,12.0,13.0,12
11,10,56,2.7548534277022445,3.0996622309017425,76.7926697621919,70.69234803683474,68.50915044592524,61.822905325812556,12.0,12.0,11.0,16
11,10,57,2.674844781248032,2.9981810177290935,79.56398901906623,74.02353556376069,68.99689672747151,62.941523698837216,18.0,15.0,14.0,13
12,10,0,2.8452635183636383,3.1768160791741593,94.43410926060379,86.80971538855229,83.4391302606746,75.4468053052392,12.0,13.0,12.0,16
12,10,1,2.775173492872302,3.1044041623761176,94.4521727605545,87.41201609324922,86.23639492332447,78.51730164574401,10.0,11.0,9.0,14
12,10,2,2.710940023620675,2.9955737652314016,98.33681893456792,91.03359435383356,87.74722382076924,79.93089524953892,11.0,9.0,9.0,15
12,10,3,2.7469578170761704,3.0422061855158287,97.2772668026326,89.90764501557102,84.94919213166186,77.23003960330057,13.0,10.0,10.0,14
12,10,5,2.9374760904358173,3.2574441336690034,90.70494645195696,82.85232014271459,80.27667714536622,72.08122853576867,15.0,14.0,13.0,14
12,10,7,2.7732183937757027,3.06711240425453,97.02721168574683,90.31434206648619,86.57864422235791,79.29936488268886,11.0,14.0,10.0,16
12,10,9,2.6920283399579867,2.969613603645995,100.21559187363572,92.69128384819588,88.41106503655838,80.47172435209656,9.0,12.0,8.0,16
12,10,11,2.8016513776882004,3.110993338273121,95.66035254077501,88.07979980888823,82.63517060999986,74.80787452827914,11.0,10.0,10.0,14
12,10,13,2.6401010394993603,2.917018232630228,102.1695454636439,94.77311246781096,89.11952128904674,81.35893673446813,10.0,8.0,8.0,14
12,10,15,2.7516552875521048,3.038696824917311,97.22975403992625,89.5755850542836,84.90770072323203,76.94480241399974,15.0,14.0,13.0,14
12,10,17,2.836982654980331,3.1531580130885994,92.82955257157931,85.88675467830217,81.16448358934078,73.82534410911994,12.0,15.0,11.0,14
12,10,19,2.8037554661795037,3.1077397848982797,94.93514678814384,87.78967035986453,82.00870939065106,74.56146198571415,13.0,12.0,12.0,16
12,10,20,2.7674495264050214,3.072595515487939,96.0089964389468,89.97781227786753,83.84165132237669,77.29031279191625,9.0,11.0,9.0,14
12,10,21,2.724201327608198,3.016999802946648,98.56291783902995,91.8692178424503,85.07424266062823,78.00680907872342,10.0,10.0,10.0,16
12,10,22,2.746266822716507,3.044316338405555,97.62063750371547,90.70160343652073,87.10816580577382,79.63939482682257,10.0,9.0,9.0,16
12,10,23,2.744568260025118,3.0433549301609175,97.77731764221076,90.70647498155358,87.24797353323308,79.64367222527628,10.0,8.0,9.0,14
12,10,24,2.802915247903787,3.0831464172667915,96.53195159333941,89.19735448474194,83.38809211299633,75.75703529103238,11.0,8.0,8.0,14
12,10,25,2.679577767179748,2.9632707985675055,100.29510551483465,92.96225059578221,88.48121266101384,80.70696935588853,9.0,10.0,8.0,15
12,10,26,2.6807957813304686,2.961823310299497,100.29432437037293,92.96964936796161,88.48052352858929,80.71339274253985,9.0,9.0,8.0,14
12,10,27,2.8860211446177138,3.1981521546514733,93.03013862516782,86.66509245020245,81.33986376735231,74.4943768844168,10.0,10.0,9.0,16
12,10,28,2.7216899524719014,3.013971977506529,98.77027803641792,91.95245767206808,85.25322489996849,78.07748861262209,10.0,10.0,10.0,18
12,10,29,2.680589783216983,2.9618834483408807,100.2941559625804,93.00084408501095,88.4803749577729,80.74047503730823,10.0,9.0,8.0,14
12,10,30,2.7201520782325432,3.021908086233706,97.7465556672211,90.72549603642372,87.22052422244764,79.66037342174285,10.0,9.0,9.0,16
12,10,31,2.766513056924498,3.056425324145258,97.36651951056794,89.72436329740971,85.02713372771898,77.07260188652235,13.0,12.0,12.0,16
12,10,32,2.722574618737998,3.0170270784654534,98.8773523724246,92.2124635953992,87.23045853248011,80.05602732215402,9.0,9.0,9.0,14
12,10,33,2.7580559968170495,3.0513695415457183,97.44934327419249,90.04949032260191,85.09946112794788,77.35188373210231,12.0,9.0,9.0,12
12,10,34,2.913443757242189,3.246647534200287,93.0734177520671,86.7225124770068,81.37770438909041,74.54373319382054,11.0,12.0,11.0,16
12,10,35,2.641201558083996,2.917390891384554,102.17053182223684,94.76358503973762,89.1203816609435,81.35075781749815,10.0,10.0,9.0,14
12,10,36,2.761834830127023,3.0616019314796312,96.8953988567332,90.07953655354376,84.61571880771508,77.37769323478884,11.0,10.0,10.0,18
12,10,37,2.639897340216998,2.9169361329743766,102.17054135159091,94.77343462864015,89.12038997312175,81.35921329668962,10.0,8.0,8.0,16
12,10,38,2.64037963549022,2.917058437909703,102.17166046396915,94.77116788838197,89.1213661422822,81.35726739059393,8.0,8.0,8.0,16
12,10,39,2.632028658327704,2.922575674003766,102.20809262657554,94.22222222222216,89.15314485751747,80.89069232979023,10.0,9.0,9.0,18
12,10,40,2.98420458257702,3.334521123976405,91.75934779736859,84.38292217983434,79.33360278314159,71.68742454517499,14.0,13.0,12.0,14
12,10,41,2.4466256191281706,2.6984002808228866,97.68992240902644,90.77442217342654,106.95828762373324,98.09081057275887,9.0,9.0,8.0,14
12,10,42,2.8635635104680177,3.1689679437753164,93.05200250678189,84.63903328905343,81.35898020830571,72.75284508108452,17.0,14.0,14.0,14
12,10,43,2.5579228873385853,2.8391492665006806,94.90178218872906,87.88708051970828,106.49214653129388,96.80863781197962,14.0,12.0,13.0,16
12,10,44,2.6981670013226173,2.9823392650037635,99.7112140877831,91.92896815277103,86.06539060809729,78.05754349400469,11.0,12.0,11.0,16
12,10,45,2.818146731308703,3.1259563918767697,97.0623992164391,90.04716168336137,84.76155499441118,77.34988344724626,12.0,11.0,11.0,14
12,10,46,2.7177330466455776,3.009963978887542,98.82472181628933,92.0258588195469,85.30021786082733,78.13981405124026,10.0,9.0,9.0,14
12,10,47,2.8696144568178052,3.190090584842632,93.03201963175084,86.26721012638028,81.34150840447175,75.85276159810672,12.0,11.0,10.0,15
12,10,48,2.640990517819739,2.9173318167961817,102.16991660131245,94.76384172932536,89.11984502163459,81.35097817527037,10.0,11.0,10.0,16
12,10,49,2.641674217261944,2.917581017155076,102.16825338637695,94.75382518615373,89.1183942476473,81.34237937249839,10.0,9.0,9.0,16
12,10,50,2.816396384644447,3.1234004930098176,94.6541849027405,88.17748879046884,83.6335824593052,76.6306338828992,14.0,11.0,11.0,16
12,10,51,2.7147946372683394,3.010484951059532,98.48301670116359,91.23017752162909,87.87767799130837,80.10350261173767,9.0,9.0,9.0,14
12,10,52,2.8081764304227455,3.1194633816783237,94.9876686772586,87.3355524242117,83.92823866265911,75.89894920554735,14.0,12.0,12.0,16
12,10,53,2.7971231427281182,3.1039298863832654,95.31834329488301,89.04338902229462,83.23852555044841,76.48764973671507,11.0,11.0,11.0,16
12,10,54,2.8589468971718315,3.177205289372493,92.91186933659506,85.81064072609345,81.23645633442212,73.75991913486914,14.0,14.0,14.0,20
12,10,55,2.64095298024126,2.917309085997713,102.17042278343088,94.76372079729713,89.12028654956619,81.3508743599479,10.0,9.0,9.0,16
12,10,56,2.8254033341204114,3.1296376641745747,93.2812212442478,85.9405646276468,81.55939505400988,73.87159731826426,14.0,12.0,11.0,14
12,10,57,2.6424908126013316,2.9178929302078487,102.1637725363396,94.73564342252945,89.11448573255619,81.3267710536629,10.0,11.0,8.0,16
13,10,0,3.347749001064201,3.722578649069121,91.74542880493793,84.65883716906285,80.21659206957362,72.77477615305797,16.0,13.0,13.0,17
13,10,1,3.264054357565028,3.646890831266261,96.37113736447708,89.24836448783829,85.01945389816494,77.48728483147632,16.0,14.0,13.0,15
13,10,2,3.164931910027999,3.517867493810399,98.00036695762356,90.75033963574185,85.48286820481303,77.91004743005767,19.0,17.0,17.0,18
13,10,3,3.2826799700646445,3.6706599400294384,94.80023695508815,87.86489498881265,82.78607950163862,75.48003594639921,15.0,13.0,14.0,19
13,10,5,3.2327577564286765,3.597026971306188,93.96633141411408,87.08073097526486,82.0578558955664,74.80640254664387,18.0,17.0,15.0,13
13,10,7,3.3112711208597947,3.702758520000742,95.20026284279731,87.5099416817883,83.13540958778908,75.1751145283869,18.0,17.0,15.0,23
13,10,9,3.2373945619833107,3.6055569419324165,96.66778655530324,88.4123018830989,83.43846662801496,75.07607125049205,20.0,18.0,15.0,16
13,10,11,3.2873309893296256,3.64926950908147,93.86866263299892,86.97249853593708,81.97256480624077,74.71342584175999,14.0,15.0,14.0,16
13,10,13,3.3261971841696676,3.7088473202429744,92.5798539321628,85.46966606019647,79.97411489229242,72.59579760987938,15.0,16.0,14.0,15
13,10,15,3.280216752992696,3.664960186751756,91.46500221007952,85.63478394439018,80.81571683636929,72.73604461276642,17.0,19.0,15.0,14
13,10,17,3.2157069740731417,3.571916335899925,97.58690310801418,90.15165723612732,84.23179891112001,76.55305990062975,16.0,15.0,12.0,18
13,10,19,3.2906515248079407,3.687729106794138,91.54557749517511,85.16779038237804,79.08066627373387,72.33939195603234,17.0,17.0,16.0,15
13,10,20,3.1470822628181727,3.497814936309983,98.45385526055263,90.5630736191897,85.87843285457066,77.74927773718181,20.0,15.0,15.0,17
13,10,21,3.2295058799140643,3.605510687533708,95.17870358460495,87.5689036600326,83.11658256245627,75.22576561307685,21.0,17.0,17.0,17
13,10,22,3.201208341594602,3.562769224489979,97.55105014458715,89.14451166824722,84.20085254936888,75.69783352598157,15.0,14.0,14.0,14
13,10,23,3.1507980480903353,3.4926599480466134,98.02008022615284,90.39135672740328,85.5000635152786,77.60185711884232,19.0,17.0,15.0,13
13,10,24,3.421484394325427,3.844559002901773,89.67230393456668,84.74168495174511,77.46245897919043,71.97746865588852,20.0,16.0,16.0,16
13,10,25,3.367324490429108,3.7535745335857267,93.28154216908443,85.59996485954494,82.42075674673528,74.39540440821513,18.0,15.0,15.0,16
13,10,26,3.1676615873691336,3.5458137570426906,95.47513355513111,87.98066859368846,85.19370469929808,77.25502298711413,16.0,16.0,13.0,21
13,10,27,3.243069884451844,3.6120461773263557,98.47717662977188,91.01076026402264,86.87742001872934,79.0174334709351,12.0,11.0,11.0,15
13,10,28,3.226621528296515,3.5991452894819043,95.48409942127505,87.77008716668499,83.38327518713841,75.39859161276509,17.0,14.0,13.0,19
13,10,29,3.2574724700157827,3.613006698638099,97.23013867695225,89.76806027303498,83.92385892267107,76.22732521983077,18.0,14.0,14.0,15
13,10,30,3.226214894423522,3.59920490073765,94.8672725242783,87.75628328395601,84.65130238748796,77.0579922923213,19.0,18.0,15.0,15
13,10,31,3.362108593200719,3.7500899556995377,91.95065810072953,84.35842646657325,79.4305908146927,71.65193848004566,17.0,15.0,16.0,17
13,10,32,3.318760423245659,3.699243660259663,94.06421236305245,86.3840479159576,81.25636201897612,73.37245069861649,17.0,15.0,14.0,17
13,10,33,3.2275479043999993,3.5819775474785502,96.30709189092491,89.65587230470786,83.12713427223153,77.8410915870178,14.0,16.0,15.0,17
13,10,34,3.3409751961637504,3.756947618507482,89.27626207380774,82.41410192157126,78.05770368676438,70.85002435325049,15.0,16.0,15.0,12
13,10,35,3.2480871757509266,3.6353054771289446,93.64966920217749,85.47103283071745,80.89826335098815,72.59695851059064,19.0,19.0,15.0,16
13,10,36,3.1055776939735216,3.444796793284732,98.92843618833403,91.77703405945446,86.292395987174,78.79147455825017,15.0,14.0,13.0,14
13,10,37,3.3353323100096612,3.740319343490008,90.75797620456012,83.14095436198626,79.35322390546644,71.46996752107809,17.0,17.0,15.0,17
13,10,38,3.284704976280671,3.6565168524714338,94.04687973692356,85.99557296052743,81.24138941560139,74.73922960379845,21.0,18.0,15.0,17
13,10,39,3.1368455843083494,3.4757053802266995,99.3906622922972,91.51102951646602,86.69558236649637,78.56310707616663,17.0,15.0,14.0,17
13,10,40,3.297718373174987,3.6773658155678843,94.12659618386171,87.49510964700349,82.19781010238894,75.16237311989995,18.0,16.0,14.0,16
13,10,41,3.2131574393547124,3.5743231643514592,96.36931059427218,87.6467230339054,83.18083813147847,74.4259733454978,20.0,17.0,15.0,20
13,10,42,3.1983545297441944,3.5678968221010883,92.76309762301345,85.11448884296387,80.1324079913085,72.29411896099245,18.0,15.0,14.0,19
13,10,43,3.3315376105072403,3.724140007602587,91.1409674055209,84.53777105994877,78.73114818289417,71.80426929404399,21.0,15.0,16.0,14
13,10,44,3.19144141270768,3.5536261317818387,95.7870891896436,87.93571951306474,83.64786666768741,75.54087751045178,14.0,16.0,12.0,15
13,10,45,3.4451644127028356,3.8526167484584275,88.79835981946782,81.65427704524828,77.63985518264957,70.19198388044083,23.0,15.0,16.0,18
13,10,46,3.241276635741476,3.619341558846842,94.14307835311263,86.6230220811333,82.21220346487192,74.41320929481748,20.0,17.0,16.0,15
13,10,47,3.174389084936075,3.5303836798660675,97.07504916666011,89.30326940596723,85.64045100010571,77.53495442244441,17.0,16.0,14.0,18
13,10,48,3.2195660516594584,3.5677642777025227,99.06269696189445,91.32478540476639,87.39397113812791,79.29007662428242,10.0,11.0,10.0,13
13,10,49,3.2228161955855334,3.57990586636367,93.96242956166122,86.99648528916651,83.02236830729211,75.60912806215009,17.0,13.0,13.0,15
13,10,50,3.190352907888537,3.5694474294354057,97.0057467093492,89.48863956675717,85.57931177071079,77.69589664845398,16.0,14.0,14.0,16
13,10,51,3.1849925866457447,3.555598794271628,96.56083330923441,89.0623215626037,83.34615030247497,77.32575849739433,19.0,15.0,14.0,20
13,10,52,3.36898264885503,3.7565648459450602,89.13146879371152,82.39502282120942,77.93110529777447,70.82874679657021,21.0,15.0,16.0,15
13,10,53,3.0206377035676915,3.3600789789164383,96.70670528000866,89.33664285816963,93.56244371936629,85.18706625253445,15.0,15.0,11.0,16
13,10,54,3.297290838096375,3.6720071743739098,98.04749036655103,90.45159390385629,86.49834706757784,78.53195361629537,15.0,13.0,13.0,19
13,10,55,3.4303222486032543,3.826066178711185,90.73579201552496,82.70943278337802,79.33382740729309,71.09902117526758,18.0,17.0,16.0,15
13,10,56,3.2828529253625582,3.6762670490681653,94.5336256990279,87.10569417582077,84.35358498143867,76.48671592777957,20.0,16.0,16.0,15
13,10,57,3.162503849716632,3.5123331681328733,96.64773167699354,89.62592225581979,85.26346780154506,76.10662749247199,17.0,18.0,17.0,13
14,10,0,3.075191918988213,3.3994630771948176,119.51136308213668,110.75879296956953,103.75348486856574,94.84752814475677,12.0,10.0,10.0,22
14,10,1,3.113475415798445,3.444047695830245,117.6328348849241,108.97535591467062,103.11634777285451,94.22270731843089,10.0,9.0,10.0,20
14,10,2,3.135908389384873,3.4670639302045143,117.03803518176431,107.90297367934399,100.68713320784136,91.53659276304106,12.0,13.0,12.0,18
14,10,3,3.2072356303876854,3.5461134856948004,113.410086378252,104.11135562246267,97.62288685400671,88.33607931097082,16.0,15.0,13.0,16
14,10,5,3.3868978075874026,3.7616487871821698,107.21680210936786,98.4755960438979,92.34884712935786,83.57045827312314,19.0,17.0,17.0,18
14,10,7,3.3281760723603853,3.701948525607414,108.24410909314338,100.36208781851781,94.13394504981825,86.02485879391092,21.0,18.0,16.0,16
14,10,9,3.24921580004611,3.6045443659501153,112.65723907815064,104.55551143626019,100.69904557063,92.16931579822051,13.0,12.0,12.0,18
14,10,11,3.264303453481538,3.6130486252577914,111.5986748732842,102.58810313315206,96.06363206421908,87.04363477500375,16.0,15.0,15.0,16
14,10,13,3.1850710748449256,3.53487648955977,114.59741026607111,106.36099996477265,99.57070039352354,91.12283282214091,13.0,10.0,10.0,18
14,10,15,3.4623668591897174,3.8507268732342435,102.61987086521509,95.5881308387437,89.32699076731167,81.9750031862968,22.0,17.0,17.0,18
14,10,17,3.1631812453449113,3.523820502593696,115.0486061121522,106.0747549742124,99.96273269429398,90.88170698586462,11.0,9.0,9.0,20
14,10,19,3.2182323974990563,3.5694508425082745,112.80857212121451,103.93483240687856,98.99884505885508,89.93107722968779,14.0,14.0,12.0,18
14,10,20,3.4498337234874654,3.8385239761691636,105.34918688645143,97.09997894677035,91.70276443545701,83.27154233174528,18.0,16.0,14.0,16
14,10,21,3.4786026731616353,3.869383473157915,105.67882417793497,98.4268399765735,93.81691534163613,86.11126383944695,13.0,13.0,12.0,17
14,10,22,3.0765104936010457,3.39996674466927,119.50653094573403,110.73378221627733,103.7492898616793,94.82611035874447,12.0,12.0,10.0,16
14,10,23,3.1958947249611818,3.5389303363508122,114.24035542058739,105.48919580747528,99.26046475241114,90.37593062579668,15.0,14.0,12.0,18
14,10,24,3.2080697849697506,3.5592008469624417,112.7182264494404,103.45802740287309,98.91955926528885,89.51851498615757,16.0,14.0,14.0,18
14,10,25,3.354832799733528,3.73403499230654,110.82176966932009,102.60753952891518,98.23464618528105,89.67079308801364,14.0,12.0,13.0,18
14,10,26,3.248567173210015,3.609742908025741,112.14636313866201,103.88003055778483,98.41770194865018,89.88365915810343,13.0,12.0,11.0,20
14,10,27,3.114557200243188,3.44470261229749,117.52292961026066,108.33654585509535,101.1042850323566,91.9044020859155,16.0,12.0,12.0,14
14,10,28,3.147435995603766,3.484856799575465,116.66076924507763,108.34939409364101,102.26423995215538,93.68148570956029,12.0,15.0,11.0,18
14,10,29,3.1608515886269086,3.5286889235370023,103.78873516961124,96.47328365995662,93.10003445804261,85.2763275693396,15.0,15.0,11.0,14
14,10,30,3.076576606086567,3.4000066431939264,119.50540727849999,110.73187183299595,103.74831435283765,94.82447441520274,11.0,12.0,10.0,18
14,10,31,3.159865116159786,3.5011124786581163,115.19969643733482,106.21810124640922,100.09401113650476,91.00040697029443,14.0,13.0,12.0,18
14,10,32,3.159003444968074,3.490669525211316,115.50242597971413,106.604106362242,100.35704493887894,91.33110976220286,14.0,11.0,11.0,18
14,10,33,3.198636748730415,3.5425953463217845,114.44439863355684,105.55409095482874,99.4377525774915,90.43152835113978,13.0,12.0,12.0,20
14,10,34,3.136081263324717,3.467270189410446,117.06476025290713,107.94717123501701,100.71012462933923,91.57408657360817,14.0,14.0,12.0,20
14,10,35,3.1831238713332928,3.528522596942646,114.58338569922522,106.1338956832783,99.55851481323582,90.92826540097472,14.0,12.0,11.0,19
14,10,36,3.290938336810444,3.65001895816298,110.71271063633783,102.63393975547815,98.13797406435852,89.69386477713584,12.0,12.0,12.0,14
14,10,37,3.1475248282330313,3.483981152508813,116.6347762996882,108.32139315613989,102.24145466776572,93.65727542718348,12.0,10.0,10.0,18
14,10,38,3.0741277543553815,3.3990611337201786,119.51663256903743,110.77716073991829,103.75805956017096,94.86325725816079,11.0,9.0,9.0,18
14,10,39,3.307660477912303,3.6820891900147275,109.77970432620396,102.56895846297263,94.49787048534034,87.02739096477535,18.0,15.0,14.0,16
14,10,40,3.223191809763942,3.575813948538091,113.37577555184305,105.70520414473853,98.50925385787923,90.56099180058017,14.0,11.0,11.0,16
14,10,41,2.8313426255697687,3.105231418023942,113.16571404851503,103.21161750081106,101.1535476037992,90.98876109643483,14.0,15.0,14.0,18
14,10,42,3.33959198859797,3.7081170905586283,111.80306279459427,103.8751668532226,96.23956825784678,88.13567859841444,15.0,14.0,13.0,18
14,10,43,3.0762137152732314,3.3998532136712947,119.50984992776091,110.74352347577005,103.75217122745595,94.8344522190982,11.0,12.0,10.0,20
14,10,44,3.261797205178463,3.6187313025308727,111.67157188099402,103.94714333932205,98.0010333810996,89.94172943733278,16.0,16.0,13.0,18
14,10,45,3.1431830210978515,3.4727380611229446,115.7290296022633,106.93949307293599,102.43913992528255,93.36047121127136,12.0,14.0,9.0,22
14,10,46,3.1606180226273946,3.4934859013329445,115.54752813883647,106.05800605153573,100.39623302840594,90.86324835310471,16.0,14.0,13.0,16
14,10,47,3.1967358908750327,3.5403114499730832,114.61314790482984,105.630574860021,99.58437441730914,90.49705453187075,13.0,14.0,11.0,20
14,10,48,3.3635568192841085,3.7395271178462446,109.82773794992798,101.710935715093,95.51113992012378,87.18101698431411,12.0,13.0,13.0,18
14,10,49,3.4959659801901477,3.909474761848456,104.86236295000914,97.91691049089688,91.27900130937587,83.97213104861991,17.0,17.0,15.0,17
14,10,50,3.151313452133926,3.4957770290671255,115.4846737460839,106.86785774480887,102.22284498330683,93.29793203330125,11.0,10.0,10.0,16
14,10,51,3.1715663469153927,3.518949333775961,115.39075392316046,106.62082282325889,100.26001600201539,91.34543128309046,12.0,12.0,11.0,18
14,10,52,3.0765610721633867,3.3999914515395715,119.50601604549236,110.73319426369403,103.74884285234852,94.82560686960652,12.0,12.0,10.0,20
14,10,53,3.301208500873583,3.6650396733448494,109.61086262942806,101.25076167640407,95.32253538844404,86.7865811215367,16.0,16.0,15.0,16
14,10,54,3.321859722262785,3.697087684382898,107.76502278299633,99.31386180430545,94.68575350785058,86.00031933162575,18.0,16.0,15.0,20
14,10,55,3.117232525555218,3.4643083978833564,115.5763946679452,106.82957761166543,102.30403301694817,93.26451265599165,13.0,11.0,10.0,20
14,10,56,3.1753309673430845,3.520113061227733,113.61602484227038,105.03568941366663,101.55605939542815,92.59260936764565,12.0,12.0,10.0,17
14,10,57,3.3127513181572383,3.667593296572586,110.57022456002801,102.41172666104751,98.01167153973371,89.4996682833536,13.0,13.0,12.0,16
15,10,0,3.7051736136309796,4.12780754648585,111.79568515792981,102.98926447522929,97.13635453282701,88.23815015177699,21.0,18.0,16.0,19
15,10,1,3.7660653561566226,4.229866032711402,106.71438488530808,99.00672989675552,92.80362808635343,84.86722396379696,22.0,18.0,19.0,15
15,10,2,3.643888048822004,4.055971852140133,112.47392408044753,103.6591373131989,99.55783856842467,90.50066599297082,18.0,16.0,15.0,23
15,10,3,3.6385957335388377,4.035980349306695,112.7574085244192,104.50139032948594,97.9719708784655,89.53369477825962,18.0,17.0,15.0,18
15,10,5,3.744153183686785,4.148989291340726,109.60338409139247,101.23945663532112,94.34609482867023,85.90339487806378,20.0,17.0,17.0,17
15,10,7,3.752934362528504,4.189979493927195,109.06323423661588,100.68649261998358,95.7120015330632,87.12443882914489,20.0,17.0,16.0,18
15,10,9,3.6291161613444562,4.042069056543692,113.63770755273599,105.0061236993271,99.61423937101453,90.79475006829452,20.0,18.0,16.0,16
15,10,11,3.7924868897105357,4.220520025683391,110.13353708202898,101.86670877169702,96.65128073469381,88.14568475041474,19.0,15.0,14.0,18
15,10,13,3.806180142511857,4.243779738888484,108.42106098312797,98.24977042662688,94.28783037094864,84.21836858851171,23.0,18.0,18.0,16
15,10,15,3.6300496512548617,4.046715261231255,114.2066396266596,104.98346852038111,100.11296234790468,90.77516100779322,17.0,16.0,16.0,17
15,10,17,3.958519320124978,4.448230878820521,107.34996361547225,98.16190204664984,94.32106941079901,85.00699755500487,20.0,17.0,16.0,18
15,10,19,3.603230455651028,4.021426148730905,115.3380025678076,105.91625183765822,101.1047093767922,91.58170280913193,17.0,15.0,15.0,18
15,10,20,3.7301647322303633,4.16599634179359,107.7914282310363,98.90563946478055,93.74027341488407,84.78057061871665,21.0,17.0,17.0,19
15,10,21,3.839536211480763,4.290023921825395,110.23903085410406,100.9424594703412,94.8932566727089,85.65138774972809,23.0,20.0,18.0,20
15,10,22,3.6419588560612968,4.051065976395374,113.4411656009642,104.85999357966847,99.44195169070248,90.66839698311782,19.0,17.0,18.0,18
15,10,23,3.5781767170176724,3.9607017669476194,112.91578809839645,104.22825799390228,98.10958275880665,89.29968308625132,19.0,17.0,15.0,19
15,10,24,3.7049175055444863,4.135222544899893,111.4175783169043,102.13222313365253,96.80782736195046,87.50386252510384,21.0,18.0,17.0,18
15,10,25,3.6852533887673578,4.109557424137482,109.10432912890369,99.9019978917806,94.88203107736672,85.63463552784562,19.0,18.0,16.0,19
15,10,26,3.7204418130693404,4.162275154963592,109.09254801828784,101.22578102415248,94.78766918619502,86.7272497842565,21.0,19.0,19.0,15
15,10,27,3.7460105450622914,4.17332259932162,108.52139820767422,100.8460345525716,93.41472629808321,85.56956957267991,22.0,18.0,18.0,17
15,10,28,3.663171697530668,4.076762478631802,111.90059310072343,103.1661582456522,97.22750630769308,88.38970749277776,21.0,17.0,17.0,16
15,10,29,3.8230393551174764,4.25299962863113,108.23635504598901,100.50505758064016,93.16936244015531,85.2802448327254,23.0,17.0,18.0,16
15,10,30,3.763897461974411,4.197255948395885,110.16067333427483,102.7468162779328,95.71573541015198,88.0304277202587,26.0,18.0,18.0,16
15,10,31,3.649386270442588,4.08182554300443,111.60682660667092,103.67772068550266,98.79031533116662,90.5168903955028,19.0,19.0,18.0,18
15,10,32,4.048120034825854,4.550677684960119,101.53626950555592,92.50995028070584,91.07953935713972,81.77725144439555,21.0,19.0,17.0,16
15,10,33,3.7362269336976395,4.164560807944546,109.72902347689146,100.97726095119785,96.29628661530917,87.37604186970312,20.0,18.0,17.0,18
15,10,34,3.7060393183884863,4.12667016280785,112.82310375599965,104.29998540919567,99.86691975372348,91.06016495265058,16.0,15.0,14.0,19
15,10,35,3.7088095413552025,4.110291189608915,109.55447095728282,101.37503553741098,94.30399062516106,87.7202378656359,20.0,18.0,18.0,18
15,10,36,3.7942819344351744,4.242588398401592,107.16395158037386,99.27460599080366,93.19459150158312,85.09684371279623,22.0,20.0,18.0,16
15,10,37,3.7674856682998494,4.209822161737785,109.2898883865335,101.33072899962178,95.91090928136386,87.68189923509172,24.0,19.0,18.0,20
15,10,38,3.5720568033910376,3.9678072630037744,115.51768201556138,106.33761154675456,100.28638084243207,91.0653389648707,22.0,17.0,17.0,19
15,10,39,3.7383555301389038,4.161378896928533,109.54427607152171,102.07974643990951,95.18016390787736,87.45890204882934,20.0,17.0,18.0,17
15,10,40,3.7011288574612924,4.143141388279616,109.6343921573089,101.58116333280292,94.37278643086533,86.19333880251602,18.0,17.0,15.0,18
15,10,41,3.6278156849355625,4.019459369630902,113.73286358482652,104.35407998046571,97.84371352518164,88.5298957211328,19.0,19.0,18.0,16
15,10,42,3.6448407421453517,4.060980751907144,111.70395499524155,101.94011514726668,98.02945224014225,88.20920359104143,19.0,16.0,15.0,18
15,10,43,3.7436750727734727,4.155140421574716,111.73630668947031,102.65575451631571,98.05784352552172,88.82844929927921,16.0,18.0,15.0,15
15,10,44,3.7796720007798377,4.221099855511294,108.57474372109375,99.64531210534555,93.46064587355514,84.55073622498072,21.0,17.0,18.0,17
15,10,45,3.6107180699966324,4.038217408348481,115.59526040778155,105.96415389844458,101.33022029744626,91.62312187578851,20.0,17.0,15.0,18
15,10,46,3.891622149840904,4.354491267132543,107.85149390479002,99.070563409493,93.79250922595853,84.92611863447199,18.0,17.0,16.0,17
15,10,47,3.676444988275723,4.093282625019919,111.10342150945762,103.560366780514,96.53486470705074,88.72745368474725,16.0,16.0,16.0,16
15,10,48,3.7506428353010532,4.178529705466783,108.51883697968236,99.28308899882282,96.19328031799596,86.76960373684012,21.0,18.0,17.0,18
15,10,49,3.8666605983108995,4.357112923306263,100.74348449193157,92.4430508499485,86.83032181512247,78.47154430103583,22.0,17.0,18.0,17
15,10,50,3.5780750694782006,3.975633971247244,115.48752204394407,106.74871063188347,100.26019754004028,91.41739574883329,21.0,17.0,17.0,19
15,10,51,3.786272305279322,4.210116283099396,110.5695731067392,102.2583225786322,95.17778594131244,88.48454979853742,19.0,17.0,17.0,15
15,10,52,3.6347770638475985,4.0434731378953925,112.41542547408099,103.85822170962201,96.71032926814321,88.10922907332687,22.0,18.0,17.0,16
15,10,53,3.658248903598313,4.071005189397977,109.31050366423999,99.63404704324385,96.8950295942099,87.07632757822896,18.0,20.0,16.0,17
15,10,54,3.7262055029144703,4.15496580201878,110.19836673002298,102.71322055427203,95.7484862184481,88.00164389969311,20.0,20.0,19.0,16
15,10,55,3.687746633234819,4.119779854780858,114.0838675383737,105.59422414078519,98.14568016168914,89.58198523419071,22.0,14.0,14.0,20
15,10,56,3.5713130833225195,3.9659376023708806,116.54436373877957,108.19201870714915,101.1776919603677,92.6534150386498,17.0,14.0,14.0,21
15,10,57,3.761938751281059,4.210235416097483,112.86203442294256,103.75730432528893,99.90137976822506,90.58637170307958,21.0,17.0,15.0,18
16,10,0,3.5092493927953825,3.881573122412766,136.85136590460914,126.76499820193158,118.38542190326014,108.35349200322364,14.0,14.0,11.0,22
16,10,1,3.6922385655661603,4.093796169376263,128.80597587497184,119.29261683757673,112.46828922756859,102.88555164397684,21.0,16.0,15.0,20
16,10,2,3.5923240211667014,3.980779220670803,133.56718628414004,124.11029262987873,116.52551495720648,106.98028316383393,14.0,13.0,12.0,22
16,10,3,3.6511999846867362,4.054758802800857,130.92855528940711,120.97210326342481,116.1832254390333,106.0540674535865,14.0,13.0,11.0,22
16,10,5,3.719822317612214,4.125446823058968,126.86602802504491,116.65150471057154,109.8913534752939,99.77980874593253,24.0,18.0,17.0,20
16,10,7,3.708673896706574,4.1244418244969,128.62105874742338,119.37023361719639,112.3068268975565,102.95249329887297,17.0,17.0,15.0,16
16,10,9,3.608071472177351,3.99449241328522,132.52060579188748,122.15707129107388,114.71224136876617,104.450956087519,16.0,12.0,13.0,20
16,10,11,3.6399513714280016,4.034444823056218,131.50364820654747,121.53323786207629,113.83194442706247,103.917544493663,15.0,14.0,14.0,20
16,10,13,3.824506498884329,4.247574782733799,127.24276505167492,117.16181597011973,110.2176830877608,100.21631198697474,17.0,18.0,14.0,22
16,10,15,3.7213580915003406,4.144259723101623,127.15684711812833,117.83882103429393,111.99975094164743,102.5158463391346,17.0,14.0,14.0,18
16,10,17,3.689123793699241,4.106628858629292,128.28765929827838,118.73013913590987,112.99577030992361,103.29126337693707,15.0,13.0,12.0,18
16,10,19,3.5934048825508857,3.9762945577027904,132.68941019605836,122.53730539276694,114.85836152449326,104.77607697523482,15.0,13.0,12.0,20
16,10,20,3.7633496114120684,4.1811068402561835,126.45671345378183,116.52264328938341,109.53680519366581,99.66958498162893,23.0,19.0,19.0,20
16,10,21,3.672829265248159,4.074944863119772,130.72394258097384,121.44640488569745,113.15701708740143,103.8432975646327,16.0,14.0,14.0,20
16,10,22,3.6034041388941556,3.990265669154613,132.74792788125444,122.06773214925693,114.90901549478296,104.37456625040033,16.0,15.0,14.0,18
16,10,23,3.763443054794173,4.182802896793994,125.31285335124251,115.46487760665286,107.6378140694372,97.91182877876179,20.0,16.0,16.0,18
16,10,24,3.6206198219664802,4.020452145872345,131.46881431448816,121.67685969869845,113.80179157792747,104.04034899439046,20.0,14.0,14.0,22
16,10,25,3.5112471636994225,3.882313388093079,136.84793930459037,126.72373852288638,118.3824576691348,108.31822493134345,14.0,13.0,11.0,22
16,10,26,3.5636036089076453,3.944730335200669,134.62159175078193,124.53941351536548,117.44539014056753,107.35017572365402,12.0,12.0,11.0,22
16,10,27,3.930903181611128,4.378636019028618,121.32826892249706,111.753730982084,105.16900097959176,95.62728711626931,20.0,19.0,17.0,20
16,10,28,3.8483404554189775,4.28723503676264,121.67805987527245,112.37648569423064,105.47220455598654,96.160176203176,24.0,17.0,16.0,20
16,10,29,3.6623030749506844,4.054982982082368,128.72653590527426,119.2926126463905,110.51850615551508,101.14293823144013,18.0,15.0,13.0,18
16,10,30,3.638784446224656,4.038904970827554,131.2880951860768,122.03158524148022,113.64535782066835,106.08027783434517,14.0,13.0,12.0,22
16,10,31,3.567848633645116,3.9466803208401986,134.4154614152141,123.99860448360197,115.35173010872941,105.1184978168833,15.0,13.0,13.0,18
16,10,32,3.616448547903529,4.008135200540329,132.01320361121094,121.67847750021248,114.27302483279432,104.04173230288923,17.0,15.0,15.0,18
16,10,33,3.5504271751490157,3.9335571901998363,134.60890363174892,124.6245553673657,117.43432088287562,107.42356608671794,15.0,11.0,11.0,22
16,10,34,3.6974165542297786,4.113820626536041,127.8479912598939,118.01843109300445,112.60851070171456,102.67210110321079,16.0,16.0,13.0,19
16,10,35,3.9263289200964615,4.370608726443405,121.18473212710106,112.82163990810298,105.04458132447206,96.54109314838126,24.0,18.0,18.0,18
16,10,36,3.689624302878416,4.088329802673303,129.28758972492034,119.18653143807498,112.88881541359422,102.79405683785677,17.0,14.0,14.0,18
16,10,37,3.660921324338345,4.065914021808277,129.7625954969201,119.80171593587541,111.40801784439523,101.57458442829584,21.0,15.0,13.0,20
16,10,38,3.793373303672738,4.2075998983167215,125.04410143059208,114.07070736288871,107.40696888083797,96.72960123887816,20.0,20.0,18.0,18
16,10,39,3.6548323498734314,4.051920771929133,131.38306471114907,121.55117541521633,113.727565165086,103.93288207957224,17.0,14.0,13.0,20
16,10,40,3.6831555907380107,4.100007183882166,129.17920050170582,119.06619202937155,110.90714253600403,100.95456079696254,16.0,19.0,15.0,22
16,10,41,3.8398749891832975,4.274504551751984,122.60432327386239,114.28324766115803,107.15004384731319,98.62376668448721,24.0,20.0,18.0,16
16,10,42,3.6646784913136474,4.0722871695292575,129.65296607553418,120.14404531966493,113.207847607548,103.61987780252117,17.0,14.0,13.0,16
16,10,43,3.6958103924423042,4.099813457936673,128.80076434644005,118.14177486594392,113.4477132363444,102.77940607420902,17.0,19.0,13.0,18
16,10,44,3.5109307253121256,3.8821910682704264,136.84890935107643,126.73041124362344,118.38329682307209,108.32392849781114,14.0,12.0,11.0,20
16,10,45,3.641553427197007,4.0318045776928715,130.27869841882622,119.9899187879014,113.75421236808305,103.48694926374115,18.0,16.0,15.0,20
16,10,46,4.0651143928870095,4.508713221685724,118.35108927240705,110.80441759946478,103.53151928321893,95.68165907464282,19.0,16.0,16.0,18
16,10,47,3.563863653273977,3.9446719132384316,134.62962774315275,124.57104310259362,117.4524008306573,107.37743971704505,15.0,11.0,13.0,20
16,10,48,4.011010594455945,4.4810919816716295,117.22990277402967,106.48516191751091,102.65391945462608,92.01295914629328,21.0,19.0,19.0,18
16,10,49,3.901479593562767,4.33999948326041,121.68083896224255,112.13418843541969,107.29845606838956,97.63359355485616,22.0,19.0,18.0,18
16,10,50,3.6108261727353845,3.9952076823586884,132.4019350268654,121.67345183616025,114.60951780091584,104.03743508612001,17.0,16.0,15.0,20
16,10,51,3.5661660334899703,3.9456860817894586,134.53670535045097,124.23008106093222,115.4557783896899,105.31472962279827,13.0,14.0,13.0,20
16,10,52,3.828572398355114,4.2523652158317065,123.20944380454655,114.5081147002361,107.67888891300377,98.81782167374357,22.0,20.0,18.0,18
16,10,53,3.854754858402754,4.274837272997892,121.47937159454537,111.0135335103862,106.26808743437769,95.86223452216868,24.0,18.0,18.0,22
16,10,54,3.793932233257575,4.218116566212577,127.06067462277196,118.28535692992328,110.05995635824506,102.90431768380226,15.0,14.0,13.0,22
16,10,55,3.7773559772541425,4.209947945232803,123.37145203757301,113.76207585566227,106.94006001586772,97.34582098682927,19.0,17.0,16.0,22
16,10,56,3.7949762496624437,4.206081654111569,124.74325039574093,114.60077445916488,109.01935912735888,98.89778487598583,24.0,19.0,18.0,18
16,10,57,3.5833285919881654,3.9739363598543838,133.54861362708613,124.1749857475651,116.50931196238766,107.03604717745588,14.0,11.0,12.0,22
17,10,0,4.275179120442288,4.759859130785178,123.96820269863458,113.97428867999885,107.38125717755727,97.49335137055307,22.0,20.0,19.0,19
17,10,1,4.183346726629834,4.637576836772642,126.44368164725766,114.79926910604043,109.52551704285457,98.19903778001793,24.0,22.0,20.0,20
17,10,2,4.247800043091347,4.753844719938376,124.42101974384063,115.54344148156792,109.59003419037485,100.5225354096175,24.0,20.0,18.0,19
17,10,3,4.30057556873921,4.805761997562227,126.08580152160673,115.31180774349566,109.21552127801573,98.63746218302258,21.0,20.0,18.0,20
17,10,5,4.163746062312526,4.646524587663154,125.94614137121503,117.07071158300714,109.97119472611699,100.97277338240258,25.0,18.0,17.0,18
17,10,7,4.101394094596505,4.5739482491165075,128.31643623662558,117.92816282330975,112.04084255624852,101.71231983772712,20.0,19.0,19.0,19
17,10,9,4.194191912416746,4.659551404812384,130.41979706099283,118.80364937687673,112.89374320564693,101.58708136051256,20.0,18.0,19.0,24
17,10,11,4.1833657606178365,4.657891205103722,127.37806369353774,116.2402923788554,109.3607717895176,98.55851996277033,25.0,19.0,19.0,23
17,10,13,4.103472705724277,4.569938340120423,129.18261862463277,119.49627915925483,111.82281909871337,102.17933789828902,22.0,19.0,18.0,21
17,10,15,4.254587322084315,4.732454076553107,123.7747782613084,113.35812025579268,107.21371292994533,96.96628227996867,22.0,19.0,21.0,18
17,10,17,4.061521446281114,4.5274436630039725,132.95178148763193,122.54343635062752,115.98862889398065,105.63318019170838,17.0,18.0,15.0,23
17,10,19,4.365651443230453,4.8689503107080485,124.45875430721459,112.34618891919732,106.90418338719363,95.27084486471705,27.0,21.0,20.0,20
17,10,20,4.450557358687031,4.980575251283971,121.94804072069488,111.63736084196104,107.53407522079851,97.2047004307523,23.0,19.0,21.0,23
17,10,21,4.466602166849665,4.979748784525999,120.1844540382981,110.22910399338745,105.135315587756,95.18862023994946,26.0,19.0,18.0,22
17,10,22,3.9956723180401696,4.436451485554423,133.4375608686241,122.88303535166995,115.432256278576,105.03875427563062,23.0,18.0,17.0,22
17,10,23,4.37330617181934,4.876244071838322,124.72741387829599,114.79471371005808,108.03888590138,98.19514110449326,22.0,19.0,19.0,18
17,10,24,4.090405352712082,4.544714256582079,128.68738985244232,118.73706904452531,113.22547732990338,103.21988482759949,24.0,20.0,18.0,19
17,10,25,4.272447228104415,4.744532519815811,123.21549173869955,113.58834433463767,106.72925894406156,97.1632154415856,27.0,19.0,20.0,20
17,10,26,4.1071581615756045,4.560908885656579,128.9093314127127,117.7620337744223,110.67544571946718,99.84878323244907,24.0,18.0,17.0,17
17,10,27,4.0457732667498165,4.499209357312061,131.07779420902526,121.06816798353391,114.35374132362819,104.36148997399295,23.0,18.0,17.0,18
17,10,28,4.0930969200249345,4.548247033275407,129.28065357312482,119.05135584831062,113.74745984919925,101.79889116264458,22.0,19.0,19.0,18
17,10,29,3.9839489838829683,4.425074351372209,130.05725576859237,119.48992922183913,112.57992088351462,102.17390816938534,23.0,17.0,18.0,19
17,10,30,4.305146008793936,4.8169476097868005,126.63180318572353,115.50703989586763,109.68846791947374,98.80446332907466,24.0,20.0,18.0,22
17,10,31,4.168659980072843,4.640033544846495,127.08702652182723,117.5172918258318,109.11090105985825,99.64126995342816,22.0,18.0,20.0,22
17,10,32,4.1463399233273535,4.629437585944702,129.5537510339455,119.60880576337547,112.14407804755723,102.27555757965388,21.0,17.0,17.0,19
17,10,33,4.123683761592699,4.5928138473504365,127.76219376726159,117.90246088455677,110.59327356418089,100.8164896390407,22.0,20.0,18.0,20
17,10,34,3.988837380583617,4.432519013372511,131.33889679409418,121.18659563089828,114.58153015431516,104.46357531928982,20.0,19.0,17.0,22
17,10,35,4.322019172360143,4.819076672428154,123.50996716006182,113.29039799577846,107.94153128858034,97.77059053327201,23.0,20.0,19.0,20
17,10,36,4.0121849029011525,4.461903398768219,132.93460042202148,122.43042841768394,114.99716245047928,104.65187199862349,21.0,20.0,18.0,18
17,10,37,4.175536592763398,4.673543728041806,126.05348116708902,116.39843504193895,110.06491959506019,100.39293897366191,24.0,20.0,19.0,19
17,10,38,4.127055172239992,4.596600374839252,125.17262310614394,115.6533987078267,112.02949767999883,102.26047621194087,23.0,19.0,19.0,19
17,10,39,4.093752262829125,4.5534201451331775,128.91646158987524,119.7429236577874,111.5924287391866,102.39023962454884,20.0,18.0,17.0,18
17,10,40,4.017674487299912,4.468954858746558,131.35908036691018,121.59384670421849,114.59913853015574,104.81462819729312,18.0,18.0,16.0,19
17,10,41,4.527365126109064,5.107109128354405,118.90901677522174,110.10636953299286,104.01958477016467,95.08263258770874,22.0,20.0,19.0,23
17,10,42,4.136807326543759,4.625258217597832,127.11666232336086,116.36664193696083,109.1363449552539,98.66921514238138,22.0,20.0,19.0,21
17,10,43,4.132286032487514,4.595928356421532,127.6211278913379,116.87877418863332,113.24828445412959,102.47262887976424,18.0,18.0,16.0,17
17,10,44,4.053965215299138,4.51191530504344,132.4211249380261,121.135941809768,113.64024423768107,102.69515781104886,24.0,19.0,17.0,25
17,10,45,4.327146520744452,4.828537287396891,122.53113491455943,112.55108681492948,108.87336620136108,98.77427118282819,24.0,19.0,18.0,21
17,10,46,4.317672475149173,4.83089381159809,121.79315690662231,112.03540206718964,105.57197223511261,95.87201262820524,24.0,18.0,19.0,22
17,10,47,4.154771689786221,4.621640715600201,128.79259876872294,118.5555627914264,113.31804529463474,103.0620987655793,25.0,22.0,20.0,22
17,10,48,4.056146107456761,4.515506429176748,131.44061669047596,121.06288706419443,112.79879845793248,102.63322434593982,24.0,19.0,17.0,17
17,10,49,4.020569908882389,4.456240036205849,132.13430648919004,121.38085466702212,115.27545451479263,104.63102777841644,19.0,17.0,16.0,19
17,10,50,4.0384128122666825,4.487488166739761,132.05505645014043,121.61125684968886,113.32609411706761,104.82963584754681,18.0,18.0,16.0,20
17,10,51,4.2069827626728395,4.694772774381388,125.99462681107256,116.8187868018515,108.17301841345376,104.03191699019374,24.0,20.0,21.0,22
17,10,52,4.198081977983382,4.6739835625152395,123.50902649054261,115.72427486196418,106.98351874610802,98.9902856327267,23.0,20.0,20.0,18
17,10,53,4.1467720070888205,4.607048067391775,126.94533156223747,116.24596628886627,108.98924847942101,98.56333079180068,22.0,20.0,20.0,22
17,10,54,4.328704444801473,4.855277765804408,123.26790897568124,112.26021064943468,105.88130357117215,95.20158608271477,25.0,22.0,20.0,20
17,10,55,4.435291190697253,4.9670116766488,121.72764396541861,111.43332483589008,106.38386999771771,96.16792038012679,25.0,21.0,21.0,21
17,10,56,4.188764365950153,4.670183644196283,126.34905923819943,117.10583856866373,110.32300668896366,101.00307019288874,24.0,21.0,21.0,21
17,10,57,4.00412117279019,4.4612123750664665,133.59953175390098,123.49787153222074,115.57237173495305,105.56430791534842,19.0,18.0,15.0,21
18,10,0,4.101567723501146,4.5524635961588915,146.79327638691578,135.22927019669115,127.6750201024787,116.33886603578414,19.0,16.0,16.0,20
18,10,1,4.354179551443576,4.847820536534163,139.0584728238208,127.75640730447151,121.12294924314585,110.01471298648094,22.0,21.0,19.0,20
18,10,2,4.040312119584477,4.48565847470309,149.3559412126853,138.22286274984108,128.91051584751244,118.00931186707521,16.0,15.0,13.0,24
18,10,3,4.111629773973728,4.55810012379555,146.23335929782124,134.93846788108007,130.01613035147116,118.68398548277524,14.0,14.0,12.0,19
18,10,5,4.507087153715058,5.023591421379303,134.50450930400123,125.5205555521744,116.28459120555115,108.96148737053352,23.0,21.0,20.0,22
18,10,7,4.265675499112602,4.751255390763411,143.55032299210163,133.75323827713171,125.8201196038557,115.95456989982101,16.0,17.0,15.0,22
18,10,9,4.074720370772107,4.510902122218348,147.9122251688543,135.8625152954281,128.64823775756457,116.8836520617874,16.0,15.0,16.0,25
18,10,11,4.107781576660178,4.563468320788155,147.0205836607075,135.8529426634115,127.87272303183022,116.87541664683495,17.0,17.0,14.0,20
18,10,13,4.193483499171444,4.654111424382807,144.6442251926179,133.30710673112503,126.77891163465769,115.56780549544254,17.0,16.0,16.0,22
18,10,15,4.161073583690194,4.620049099031697,145.63069094942833,134.84235646110685,124.78094813181397,114.26258552540969,18.0,17.0,16.0,22
18,10,17,4.2099061795409245,4.671803314461431,143.0917748111558,131.94284802035895,123.56890740352993,112.67987703385722,27.0,21.0,19.0,26
18,10,19,4.133289183607438,4.588378289730594,146.25664216739005,135.26530603815291,127.20827675801492,116.36986796995275,17.0,16.0,14.0,20
18,10,20,4.204359651459489,4.67361842946373,142.9631125136573,132.4666293891386,123.45779927347215,113.12718904138349,20.0,18.0,17.0,24
18,10,21,4.088945618246951,4.532854101676447,148.2590796701128,137.34547060117728,127.96380434666247,117.26022852701462,18.0,15.0,14.0,26
18,10,22,4.101969151499452,4.553239797765735,146.9304527552675,136.31018006576082,129.6493376132329,118.98970702599944,17.0,15.0,13.0,27
18,10,23,4.323284890191028,4.810149927336601,141.66530702622106,130.53763917671998,121.42740602247521,110.6274073734827,21.0,18.0,18.0,20
18,10,24,4.075206769380403,4.508150832292457,148.13128608471362,136.72490488963825,130.70893583012463,119.35173417074958,16.0,15.0,13.0,22
18,10,25,4.064594956548169,4.501718888648563,149.24144143514243,137.42786289269154,128.81169001395247,117.33057186552833,21.0,19.0,17.0,24
18,10,26,4.059280865093471,4.49999721450783,149.2971355056557,137.75987245844004,128.85976008937914,117.61402873805872,16.0,16.0,14.0,20
18,10,27,4.096700055301178,4.540436122927758,146.98936381609317,135.70146361300155,127.84556923850369,116.74509795971018,23.0,17.0,16.0,20
18,10,28,4.196704297592846,4.661332540060643,146.74157523586447,136.06227578358042,127.6300524741086,117.05550767142421,20.0,15.0,14.0,24
18,10,29,4.146383005481153,4.62091440923026,143.20936071097967,131.9406163997367,124.64602999381984,113.56242110430314,21.0,17.0,18.0,24
18,10,30,4.017178628635525,4.448559326292597,151.41035306632855,140.02567094304635,129.68812911789223,118.64203369407878,16.0,15.0,14.0,22
18,10,31,4.068509366876971,4.509211581800844,147.70692413050764,136.4493774541175,126.55992990542772,115.62434141928543,15.0,15.0,15.0,20
18,10,32,4.131700078712281,4.589317252439784,146.18761241600416,135.38417751781327,127.14823739440926,116.47213409272015,20.0,16.0,16.0,24
18,10,33,4.413237700142168,4.922617194909488,133.9618377849216,123.23811727065083,115.81542971734822,105.31077776803689,26.0,21.0,21.0,22
18,10,34,4.291097380382361,4.782120793663327,139.21411546416465,129.321490672243,122.12810376073148,112.18497831597001,21.0,19.0,18.0,22
18,10,35,4.090229811332384,4.5333291181241,147.4700858365941,135.94602619085168,126.35699941958174,115.19781211293338,19.0,15.0,16.0,22
18,10,36,4.051305616195148,4.492725708347231,149.55731375134832,138.61500966702036,129.08432237724136,118.34411167462132,14.0,14.0,12.0,18
18,10,37,4.138307071414729,4.588854339611728,145.94183919651235,135.1522995384299,126.93447351154204,116.27264753821245,21.0,17.0,16.0,22
18,10,38,4.0617947231729215,4.499264895710772,148.28158771681044,136.64153428995593,127.0523197079357,115.78717109287997,18.0,15.0,15.0,24
18,10,39,3.9443484603107817,4.364032046155316,154.19571345028322,142.74939719147432,133.0208128940977,121.8406798112448,15.0,15.0,12.0,22
18,10,40,4.082203529974471,4.528044547223736,148.29021282269426,137.4897171567757,127.99067566310727,117.38338063388545,17.0,15.0,15.0,22
18,10,41,4.152232305391645,4.615408062486532,144.63141885053358,135.07830185276052,123.92474042498482,114.46252070305495,17.0,16.0,15.0,22
18,10,42,4.284063917500344,4.769090029604118,141.15492899698356,131.79864376515397,124.68085246225908,115.14234300347616,19.0,20.0,17.0,28
18,10,43,4.095921829076253,4.527811205004511,147.17818781591043,135.9757861587451,128.00980092925874,116.98109992772669,18.0,14.0,14.0,18
18,10,44,4.087753070586164,4.54934830421194,148.1713905756981,137.05333684110064,127.88811906555871,117.01396372919723,16.0,14.0,13.0,20
18,10,45,4.143012428020675,4.589113634518318,144.83360461830833,133.7396339263808,125.07308894322219,114.21434152347832,22.0,15.0,15.0,20
18,10,46,4.098548730337598,4.562922156354492,147.3974638400928,135.60505133710743,130.06142153913274,118.37737216999055,16.0,13.0,13.0,22
18,10,47,3.972231529212287,4.402878324768914,152.32556287689323,141.00378274227825,132.39725245725836,121.2528968532204,14.0,14.0,12.0,24
18,10,48,4.09172929213686,4.540938757802795,146.90835673443948,135.6849556621412,127.77511246396236,116.73089603226595,17.0,15.0,16.0,18
18,10,49,4.064316167209225,4.498810301258454,149.11101334892564,137.5248683314719,128.69911630755223,117.41339134162726,18.0,17.0,16.0,22
18,10,50,4.222522219105926,4.690242876483196,138.59029516971674,127.69130953872099,122.54698449114325,111.64642537875379,24.0,21.0,19.0,24
18,10,51,4.025868434728119,4.461033906988775,150.92219636021014,139.98826254268727,129.2700062573959,118.6103380152368,18.0,14.0,15.0,26
18,10,52,4.277001909171307,4.749474905120009,140.1732587866815,130.44468180735853,122.00347890887981,112.27485735964503,26.0,18.0,18.0,22
18,10,53,4.067689482847278,4.507370942813616,148.3359653540045,136.1279113590299,129.01679030975833,117.11197450296366,22.0,18.0,16.0,22
18,10,54,4.258429570984376,4.733909600289519,141.9029694778358,131.4789222305993,125.34158974923635,114.86302687740974,25.0,20.0,17.0,20
18,10,55,4.015863791277404,4.448712757898301,151.26884750083002,139.98680613321181,129.56692477698937,118.60910401734989,15.0,14.0,13.0,20
18,10,56,4.1513804746870235,4.607120819347324,145.68561099309974,134.88733034451556,124.82800534946554,114.30069545120948,22.0,18.0,15.0,24
18,10,57,4.121343257063948,4.5651546168548425,146.7910408440764,135.30764874035413,125.77517235113814,114.65686444671537,24.0,18.0,16.0,20
19,10,0,4.704295945323482,5.241713999464367,142.26854172622913,130.15913985696054,122.85799293638408,111.15972920332383,25.0,23.0,21.0,22
19,10,1,4.651934248933824,5.197895495842382,138.28514094915258,127.81444546119212,121.31314404502885,110.88089336008814,25.0,22.0,20.0,20
19,10,2,4.562376347299974,5.101354823558236,143.0460662476462,132.53672898313658,124.41584405821338,114.02557367941405,23.0,21.0,20.0,21
19,10,3,4.655563925839446,5.170934333332214,142.37245957112376,130.1855236070017,122.94773264763097,111.18226170095072,25.0,21.0,21.0,20
19,10,5,4.640222940618256,5.185775754615436,142.1923036503405,131.28544480032755,123.67327491978475,114.6096758194553,31.0,21.0,21.0,19
19,10,7,4.543502283374641,5.064604305005286,145.6344364606114,134.31874241316478,125.69845013774831,114.67921040921394,25.0,21.0,19.0,24
19,10,9,4.592565570546265,5.120761729605022,144.9624558505122,133.45460994094984,127.91280519029532,116.50012940526591,21.0,20.0,18.0,22
19,10,11,4.5228278972613145,5.043127627806936,147.46577949747373,136.2890563395375,128.1732604048371,117.20163004128531,27.0,20.0,20.0,22
19,10,13,4.639557708524758,5.172610915435331,144.18755773246656,132.66933857943138,123.54442628385034,112.42434210789479,23.0,22.0,19.0,25
19,10,15,4.570708183149953,5.084898029857709,145.3719689707705,135.06564960546487,125.4719119817575,115.31690791533308,22.0,20.0,20.0,21
19,10,17,4.518374889920158,5.018910697285297,148.30609146387258,136.3396943316673,128.9036368003478,117.24517612912999,34.0,22.0,20.0,25
19,10,19,4.572427393466609,5.0866611055413715,144.80629826465275,133.28989113601875,125.94682465683414,114.67354309298646,28.0,21.0,22.0,19
19,10,20,4.743370855286134,5.291093528677857,142.0904030394686,131.03656870158642,124.54051744606434,113.60257950440862,22.0,21.0,20.0,21
19,10,21,4.5337651276960305,5.026992873395578,144.05019653859972,132.82079999719664,125.28919710433712,114.26996902998901,23.0,21.0,20.0,23
19,10,22,4.903496610795481,5.50531383532791,135.58663096032393,124.65735302051426,118.09889959501449,107.34929546026908,31.0,22.0,21.0,21
19,10,23,4.792559943707356,5.350667679634518,139.83748306904346,129.34261870918027,120.75861816450234,110.46239615567316,27.0,22.0,23.0,19
19,10,24,4.728586164619241,5.280256581941638,140.52833175736538,129.10747033978217,120.45285579202748,109.41858111296537,30.0,22.0,20.0,22
19,10,25,4.705677063830319,5.111561891470936,135.93823937197448,126.06838533406044,125.31932797546501,123.32926321366655,26.0,24.0,20.0,17
19,10,26,4.564850238037021,5.070975226988162,145.87107508178087,133.40935088005773,125.90269515456326,113.90278635181207,24.0,20.0,20.0,22
19,10,27,4.471480777834688,4.969910611719997,147.3090315235169,135.86663939354625,127.14380886698316,116.00078028334904,22.0,20.0,18.0,20
19,10,28,4.637672425426428,5.177309490602665,144.26558127643756,133.4715629154609,123.61127930590108,113.10414909394576,21.0,18.0,18.0,29
19,10,29,4.680383814396902,5.23452807285425,141.56847609318365,131.43137386918585,123.13069423856506,113.07460143228892,32.0,23.0,23.0,23
19,10,30,4.447366910937653,4.95704740738632,143.43751780737693,132.385050237954,127.53034671489792,116.44135067917018,20.0,19.0,18.0,20
19,10,31,4.6842074452537625,5.230906009175944,141.87082523518325,130.0058828114693,122.5145392870058,111.02884318414738,29.0,21.0,21.0,21
19,10,32,4.590080551291765,5.116308050249261,145.25955123347043,134.52166276457368,125.3748831766889,114.85246058456138,29.0,22.0,21.0,21
19,10,33,4.696424380684355,5.2518243162576494,140.4901497880901,128.94940645841314,120.4201283897915,109.28462197350515,27.0,21.0,21.0,22
19,10,34,4.5549388770208905,5.089036138209518,145.42803426074173,134.06065455269498,124.60730551846983,113.6033468774461,20.0,17.0,17.0,22
19,10,35,4.541085041191163,5.059183895833559,144.75602943579588,133.33604635348397,127.7306574637214,116.39662849743937,27.0,20.0,19.0,21
19,10,36,4.608576531871774,5.135602766333533,145.75544658844944,134.95167905609856,125.80289511580351,115.21960166918738,25.0,20.0,19.0,21
19,10,37,4.758387413650736,5.316334419173064,139.61651044009164,128.29383719545913,120.63431939771236,109.59975192774037,25.0,19.0,20.0,22
19,10,38,4.7475261377508815,5.303017946812229,138.65011493783084,127.90051180795092,121.63332408575712,110.95555716966318,24.0,21.0,21.0,25
19,10,39,4.600978147837818,5.129356692797733,144.9241399627832,133.6598345139467,126.04931873250321,114.99181717610875,19.0,21.0,17.0,23
19,10,40,4.858175264590175,5.446164559411768,138.8468974228185,127.52531678573708,119.96934258196391,108.9432149646389,29.0,20.0,20.0,19
19,10,41,4.578856919006714,5.098308792437901,144.91695707380035,132.70782984743056,125.07918693929231,113.30383882846738,31.0,22.0,21.0,21
19,10,42,4.913215071449747,5.493470364340933,136.05898155587997,124.98524273481254,118.51032722001787,107.6316593077735,28.0,21.0,20.0,21
19,10,43,4.707003628046023,5.23715341391542,141.65445344269148,129.28133884551832,123.2926755968834,111.27676871561027,25.0,19.0,19.0,27
19,10,44,4.679387768916293,5.234325968485426,143.21914795367687,130.62611359240609,127.33619400241268,114.89745166148657,27.0,21.0,21.0,19
19,10,45,4.559944211761782,5.074283379192958,144.894875110881,132.6467592321913,126.02386531497024,114.1202362108256,24.0,21.0,20.0,24
19,10,46,4.653306907233187,5.201615221341242,142.22523651587508,131.29900488098045,122.82059611511052,112.13320742035599,25.0,21.0,19.0,28
19,10,47,4.57807119232606,5.093742303384019,147.5962691759747,135.9169640674234,127.3917263830091,116.04374669116858,22.0,19.0,18.0,23
19,10,48,4.583974298808738,5.0717764726606225,145.4953819225298,133.41873426899429,126.5461625286849,113.05938196171269,22.0,19.0,18.0,21
19,10,49,4.752544889146522,5.315091548017318,139.30297374978426,129.05272399354317,121.24600345983295,111.07999227258016,28.0,24.0,23.0,19
19,10,50,4.493285266207822,4.999813255359622,146.68110993728723,134.75419658641644,126.60184384747728,115.05099427094999,31.0,20.0,19.0,24
19,10,51,4.6322029244549565,5.155733703937782,141.93373448969447,130.72877419486014,124.4031993595573,113.33573605553123,24.0,23.0,21.0,24
19,10,52,4.659859697631024,5.219788889975821,142.74686859128533,131.23938889877846,124.15561370072889,112.9125637433882,26.0,22.0,22.0,21
19,10,53,4.660774806645172,5.18868792370185,143.7096656534615,132.92604259108035,126.8073609738638,116.03871286306895,28.0,22.0,20.0,24
19,10,54,4.570813411026171,5.08796544566661,147.559600664207,135.31278019322727,127.36007744605384,115.52790408878876,24.0,22.0,19.0,23
19,10,55,4.519897625276673,5.039065104214182,145.56543468966538,133.5177224451564,124.72503451970603,113.14326479930465,26.0,21.0,19.0,19
19,10,56,4.6087899180666305,5.107827615185179,141.73903305048688,130.14283694427746,123.3662916809005,112.0182889190722,27.0,22.0,20.0,23
19,10,57,4.749958056036435,5.312336920582588,141.11723078482896,130.0049082235126,122.82508974081333,111.89956905975721,25.0,20.0,18.0,27
20,10,0,4.641981596967025,5.143602178341542,161.95354367564892,149.0386508928516,139.52006181553583,127.11944155066675,28.0,21.0,18.0,24
20,10,1,4.553120030103818,5.052270558114637,166.8089440001425,154.27542900698248,143.64202003668345,131.55580543521262,20.0,18.0,16.0,24
20,10,2,4.59823723019435,5.107525400170914,161.81838734521884,149.43492836515506,139.40362707043306,127.45743824264261,23.0,17.0,17.0,26
20,10,3,4.587977820209187,5.090449441878282,162.78791972265552,150.89084919495744,141.14777756225857,129.55460016437786,23.0,19.0,18.0,24
20,10,5,4.456120633705964,4.932122250822853,167.57310597477726,154.10968651713898,144.30005291573377,131.41447128442437,20.0,19.0,16.0,22
20,10,7,4.778446600073978,5.308959667471158,155.65181106168626,144.14315201445746,134.15048128183315,122.9734429294365,28.0,23.0,21.0,24
20,10,9,4.661873238426542,5.188086931302223,159.07124541807175,146.97630346882517,136.12014152463985,124.50045232815978,29.0,20.0,17.0,24
20,10,11,4.503820437001211,4.9894924816874395,166.3782014670681,153.76298180007737,143.2711003121004,131.11882460500945,20.0,17.0,17.0,22
20,10,13,4.55029741653489,5.047074764485127,163.73898309840322,151.16683012062165,140.07358319746214,128.03852356134303,22.0,19.0,19.0,22
20,10,15,4.740652843128502,5.278990332053384,158.75680373915563,147.29754293171823,135.8510680932801,124.77256733916441,21.0,18.0,17.0,24
20,10,17,4.500864472871696,4.9922023867730205,166.345435470264,153.74569136053722,143.24288495471853,131.1040804703493,19.0,18.0,17.0,24
20,10,19,4.5261082325309525,5.018323104863174,164.74863125728663,151.850726894558,140.9373056458819,128.61778511715724,20.0,19.0,17.0,28
20,10,20,4.7271242439859895,5.274257234308718,155.26199999845434,142.56589601433123,136.61551807519953,124.18686371172758,28.0,22.0,19.0,26
20,10,21,4.46790177803367,4.961210764791017,167.12655939462846,154.49766323880962,145.81388212248157,133.50022087047844,16.0,17.0,14.0,24
20,10,22,4.543463687216364,5.036388578404903,164.59055834098788,152.30041475975975,144.57930393331893,132.49384692285855,20.0,17.0,14.0,26
20,10,23,4.640867838547164,5.143354279170951,160.17666241356622,147.18373816417434,138.96268106573058,126.41893384157751,20.0,20.0,19.0,20
20,10,24,4.537511139002551,5.029400167309075,164.5176154611273,151.32889631860786,142.64753694096524,129.93070660330685,24.0,19.0,18.0,28
20,10,25,4.573698189708212,5.070605610295695,162.16873859335422,149.92934895787747,139.70544836243823,127.87914408378852,21.0,18.0,16.0,26
20,10,26,4.465410021026343,4.948767588130757,165.68694468386602,152.52194333017388,143.66142188592534,130.9550545302049,21.0,18.0,16.0,25
20,10,27,4.582770296135211,5.0704617920496675,164.83139755427095,151.89412740138894,141.00810962650525,128.65454540916056,20.0,18.0,17.0,22
20,10,28,4.872449428805772,5.427621349759074,154.95711361384616,142.51821687717495,136.34724759441394,124.14533118064226,27.0,21.0,19.0,24
20,10,29,4.564764184499647,5.073587990018048,163.1831583936036,150.103919360897,142.47110211217725,129.7681646901406,19.0,19.0,16.0,24
20,10,30,4.457720218403309,4.934204375475246,167.6933624123235,154.76005324862655,146.30840405070307,133.7269500230781,17.0,16.0,13.0,22
20,10,31,4.723657175305956,5.253804778990376,159.18905365070222,146.49824968671714,136.2209521598762,124.09550329416628,20.0,19.0,18.0,22
20,10,32,4.481517663282659,4.965283161953285,165.222216888767,152.16103223635685,143.2584724805801,130.6451769418434,21.0,18.0,16.0,20
20,10,33,4.69309464742591,5.207057171766369,159.0704312145479,146.90197981861056,138.00296039870085,126.17692619799254,24.0,21.0,19.0,24
20,10,34,4.482579087136495,4.960438987040779,167.05429320599714,153.53075932738457,143.85329441261456,130.92080075486103,22.0,18.0,18.0,24
20,10,35,4.590442260344938,5.107168904498335,161.42490874053118,149.52411004644077,139.06465233728946,127.53350391724227,21.0,16.0,16.0,20
20,10,36,4.582126065736355,5.087076615263844,163.92697032985987,151.5425027823767,142.13540896643,130.11410871253838,20.0,19.0,16.0,22
20,10,37,4.570192122829577,5.073607049219051,161.6764429887481,148.3334789296029,140.26382897702533,127.40646822256699,21.0,20.0,18.0,26
20,10,38,4.577216316094657,5.0814225756495155,162.92984869227922,150.73863604795625,139.38139399847324,127.67584256301785,22.0,19.0,17.0,22
20,10,39,4.489644370674558,4.974114313710504,166.8743406517075,154.24905784138844,143.6983342061109,131.5333178624843,19.0,15.0,15.0,22
20,10,40,4.736099289425822,5.280953931668928,157.7483043651571,146.24781224963988,137.82457861872533,126.50008143737747,20.0,16.0,17.0,24
20,10,41,4.800124524518495,5.370501018550721,154.31985115911252,142.60106228177844,133.96098965148684,122.53355959782037,26.0,22.0,19.0,22
20,10,42,4.764880754738777,5.285403734027677,155.2523254061537,141.98813717372155,134.77044593348757,122.00393671164669,31.0,23.0,21.0,21
20,10,43,4.623968839967101,5.1339656057220004,160.087691329313,147.49340256571563,138.8854934141785,126.68491053152862,23.0,20.0,17.0,24
20,10,44,4.515206634130893,5.007046337680301,165.33168975176451,152.88959232355379,145.23032708175018,133.00640233559886,18.0,15.0,14.0,22
20,10,45,4.489330683953913,4.978998130275577,166.40921645894295,154.20535197892832,143.29780784934323,131.4960484153974,17.0,16.0,15.0,25
20,10,46,4.499634247848498,4.992290745883199,165.0468222239118,152.75465722507707,144.98009432657096,132.88901545710416,19.0,17.0,15.0,21
20,10,47,4.599030217946881,5.109394148466624,160.66457192135104,148.5913146343709,143.0680192417576,131.03328601665447,18.0,15.0,16.0,22
20,10,48,4.461815607941756,4.946520592733905,167.6045393499626,154.94596153427685,146.23090807644402,133.88759191678497,16.0,17.0,14.0,26
20,10,49,4.6970914702539455,5.204706709558392,158.7801418959449,145.91060932915636,138.726094317776,127.8975424343487,22.0,21.0,17.0,24
20,10,50,4.737010497523462,5.282482751892762,155.30086563749896,144.26047509321666,136.64971607222043,127.33116653121493,21.0,19.0,16.0,20
20,10,51,4.560468084715849,5.0708257349931865,163.31007439272273,151.64546080969524,141.60051982562373,130.20250828172456,20.0,15.0,16.0,24
20,10,52,4.475614128089331,4.955399121281895,167.08382147979162,153.69908145486448,143.87872171162098,131.06433464872686,20.0,19.0,18.0,26
20,10,53,4.465166891667403,4.947453869103191,167.07830295290498,154.58673237673432,143.87396961421769,131.82126420467455,18.0,17.0,15.0,24
20,10,54,4.73430601231593,5.263637810324898,159.40193247172252,148.08100585700672,140.1374079540402,128.90529929686255,21.0,18.0,17.0,28
20,10,55,4.5405762986870135,5.036932934910068,164.44030043442356,151.82885644867812,142.58049975411507,130.35997143344704,20.0,17.0,17.0,22
20,10,56,4.595765726294867,5.11132081343465,162.57680992893503,150.90447177075137,139.07938036889362,127.81630565987234,20.0,18.0,18.0,24
20,10,57,5.008504941513027,5.596334310713186,147.54515340603504,136.09984235690243,129.1066660019448,117.85277971630337,29.0,24.0,22.0,28
