Number of Nodes,Degree,Seed,Lower Bound,Lower Bound (normalized),Generic Upper Bound,Generic Upper Bound (normalized),Main Thm Upper Bound,Main Thm Upper Bound (normalized),Greedy Upper Bound,Cotengra Upper Bound,HyperOpt Upper Bound,Largest HSC Rank
10,3,0,1.2486158029050218,1.2486158029050205,13.700285173544536,13.700285173544545,12.878268063131861,11.964915718228902,4.0,4.0,4.0,5
10,3,1,1.3017476391709006,1.3017476391709,12.500000000000014,12.500000000000004,11.75000000000001,10.91666666666667,5.0,5.0,5.0,4
10,3,2,2.4902550187292976,2.490255018729298,13.990386690021566,13.990386690021602,11.89182868651833,11.691782492163084,4.0,4.0,4.0,5
10,3,3,2.0496638445610085,2.0496638445610094,14.167376009851605,14.167376009851568,12.042269608373864,11.097777874383729,4.0,4.0,4.0,5
10,3,4,3.071035580555793,3.071035580555794,14.04508497187474,14.045084971874743,13.202379873562254,12.266040875437275,4.0,4.0,4.0,4
10,3,5,3.0710355805557925,3.071035580555793,14.045084971874736,14.045084971874754,13.202379873562254,12.266040875437284,4.0,4.0,4.0,4
10,3,6,1.3017476391709002,1.3017476391709002,12.5,12.500000000000004,11.749999999999998,10.91666666666667,5.0,5.0,5.0,4
10,3,7,1.8963344942688363,1.896334494268838,13.640481992731285,13.640481992731274,11.594409693821593,10.685044227639498,5.0,5.0,5.0,4
10,3,8,2.490255018729299,2.4902550187293,13.990386690021568,13.990386690021575,14.130290556921782,13.197598110920351,4.0,4.0,4.0,6
10,3,9,3.0710355805557925,3.071035580555793,14.045084971874726,14.045084971874756,13.202379873562242,12.266040875437286,4.0,4.0,4.0,4
10,3,10,1.8963344942688378,1.8963344942688363,13.640481992731273,13.640481992731264,11.594409693821582,10.685044227639489,5.0,5.0,5.0,4
10,3,11,3.071035580555792,3.071035580555793,14.045084971874726,14.045084971874756,13.202379873562242,12.266040875437286,4.0,4.0,4.0,4
10,3,12,2.490255018729298,2.4902550187292984,12.500000000000002,12.500000000000014,12.625000000000002,10.916666666666679,7.0,6.0,6.0,4
10,3,13,1.896334494268837,1.8963344942688376,13.640481992731283,13.64048199273128,11.59440969382159,10.685044227639503,5.0,5.0,5.0,4
10,3,14,0.9743270826470442,0.9743270826470439,12.500000000000004,12.500000000000009,11.750000000000004,10.916666666666675,4.0,4.0,4.0,4
10,3,15,2.049663844561009,2.0496638445610076,14.167376009851578,14.167376009851596,12.042269608373841,11.097777874383752,4.0,4.0,4.0,5
10,3,16,1.9668721300516552,1.9668721300516552,14.045084971874733,14.045084971874749,11.938322226093522,11.001983227968552,4.0,4.0,4.0,4
10,3,17,2.365705928955494,2.365705928955491,13.682084772488135,13.682084772488173,13.818905620213016,12.90676663538051,5.0,5.0,5.0,4
10,3,18,3.1965493048692677,3.1965493048692672,13.90388203202206,13.903882032022064,13.069649110100736,12.14272364129927,4.0,4.0,4.0,4
10,3,19,1.8963344942688367,1.8963344942688372,13.640481992731262,13.640481992731296,11.594409693821571,10.685044227639514,5.0,5.0,5.0,4
12,3,0,2.6666666666666696,2.6666666666666714,17.080575606683592,17.080575606683595,14.233813005569662,13.416407864998748,4.0,4.0,4.0,6
12,3,1,1.0966998584585874,1.096699858458588,16.766212659234068,16.766212659234096,13.971843882695056,13.040387623848742,4.0,4.0,4.0,5
12,3,2,0.9446631704944253,0.9446631704944248,16.937253933193766,16.937253933193787,16.466774657271714,15.525816105427637,4.0,4.0,4.0,4
12,3,3,1.675536687919435,1.6755366879194344,16.83385216059335,16.83385216059337,15.314129396095337,14.378915387173503,5.0,5.0,5.0,4
12,3,4,2.313067024527421,2.313067024527421,16.841313006230596,16.84131300623058,14.034427505192163,13.098799004846006,5.0,5.0,5.0,5
12,3,5,2.4497119849843663,2.4497119849843676,16.755960701695173,16.755960701695198,16.290517348870306,13.032413879096266,5.0,5.0,5.0,5
12,3,6,2.449711984984366,2.449711984984365,16.755960701695166,16.755960701695223,16.290517348870296,15.35963064322062,5.0,5.0,5.0,5
12,3,7,3.381197846482997,3.3811978464829973,17.025392611699957,17.025392611699917,14.696938456699073,14.696938456699074,5.0,5.0,5.0,6
12,3,8,1.618425823052505,1.618425823052505,16.779157966016605,16.779157966016598,15.264372871862328,14.332197429305843,5.0,5.0,5.0,4
12,3,9,2.4247498675305725,2.424749867530572,17.124467999653284,17.12446799965327,14.270389999711071,13.319030666396989,4.0,4.0,4.0,5
12,3,10,1.2956348551058914,1.2956348551058916,16.242640687119266,16.24264068711932,15.791456223588174,14.889087296526043,5.0,5.0,5.0,6
12,3,11,1.6755366879194338,1.6755366879194364,16.833852160593363,16.833852160593406,15.31412939609535,14.378915387173533,5.0,5.0,5.0,4
12,3,12,2.06927024733061,2.0692702473306097,17.265323061968676,17.265323061968683,15.706648063318726,14.747463448764915,4.0,4.0,4.0,6
12,3,13,1.1923166173056137,1.1923166173056128,16.90117026328685,16.90117026328683,16.431693311528882,15.492739408012927,4.0,4.0,4.0,4
12,3,14,1.945073505577487,1.9450735055774848,16.0159828482552,16.01598284825521,14.570095507787716,13.680318682884657,7.0,6.0,6.0,4
12,3,15,2.0371520600005617,2.0371520600005635,17.373863542433767,17.373863542433767,15.805389750408494,14.840175109162177,4.0,4.0,4.0,5
12,3,16,1.9450735055774864,1.9450735055774855,16.015982848255234,16.015982848255195,14.570095507787748,13.680318682884646,7.0,6.0,6.0,4
12,3,17,2.9247681975691955,2.924768197569195,17.127826078310743,17.12782607831078,14.27318839859229,13.914030226445878,4.0,4.0,4.0,4
12,3,18,1.7522051125942142,1.7522051125942153,17.196152422706618,17.196152422706618,15.643721995656714,14.688380194395236,4.0,4.0,4.0,4
12,3,19,2.4247498675305725,2.424749867530572,17.12446799965324,17.12446799965328,14.270389999711036,13.319030666396998,4.0,4.0,4.0,5
14,3,0,2.0288391866650493,2.028839186665051,19.329818327756264,19.3298183277563,17.160144841987705,16.23967730257077,7.0,6.0,6.0,5
14,3,1,2.677519831951261,2.677519831951261,19.838757590002515,19.838757590002498,17.611958268675703,16.667255526294618,5.0,5.0,5.0,6
14,3,2,1.116308740731981,1.1163087407319805,18.474447633237503,18.474447633237585,16.400785143792476,15.521049542209807,6.0,6.0,6.0,4
14,3,3,1.1033418480920962,1.103341848092096,20.50406577508237,20.50406577508238,18.202589004409862,17.22620491988214,4.0,4.0,4.0,5
14,3,4,0.49082233099105016,0.49082233099104966,18.949747468305837,18.949747468305848,17.886241232839694,16.98387230577752,5.0,5.0,5.0,6
14,3,5,2.049359287789643,2.0493592877896423,19.13323082712302,19.13323082712303,16.985623285303085,16.074517055440097,7.0,6.0,6.0,5
14,3,6,2.3367026774494297,2.3367026774494293,19.1751249449363,19.175124944936258,17.022815002137328,16.109713814283182,7.0,7.0,6.0,5
14,3,7,1.6107854350935553,1.6107854350935558,19.852250820982423,19.852250820982416,16.307206031521275,15.361860754331634,5.0,5.0,5.0,6
14,3,8,1.822446694839261,1.822446694839261,19.154918681483398,19.1549186814834,15.734397488361362,14.822258503528822,6.0,6.0,6.0,4
14,3,9,1.0771875221705434,1.0771875221705418,19.19853088143025,19.1985308814302,15.770221795460564,14.856006039201942,5.0,5.0,5.0,5
14,3,10,1.7183663439941053,1.7183663439941035,19.184180064321993,19.184180064322025,18.10751689744678,17.193984513431477,7.0,7.0,6.0,4
14,3,11,1.9170473562501735,1.9170473562501738,19.27832354422437,19.278323544224396,18.196376814701573,17.27836140783377,7.0,6.0,7.0,5
14,3,12,2.159521498773701,2.1595214987736995,20.436885582942956,20.436885582942956,18.14294944608201,17.169764418322824,4.0,4.0,4.0,5
14,3,13,2.3780040757424628,2.3780040757424614,19.89085562265788,19.890855622657863,17.658208562971794,16.711024961892832,5.0,5.0,5.0,5
14,3,14,1.2153496473358882,1.2153496473358885,19.512472618133184,19.51247261813318,19.313365754682845,18.384200391914597,5.0,5.0,5.0,4
14,3,15,1.8510742881263054,1.8510742881263043,19.37028089513285,19.370280895132847,15.911302163859128,14.988907835519466,7.0,6.0,6.0,4
14,3,16,1.1163087407319812,1.116308740731981,18.47444763323755,18.474447633237585,16.40078514379252,15.521049542209807,7.0,6.0,6.0,4
14,3,17,1.479138602285575,1.4791386022855753,19.90108396160972,19.90108396160976,16.347318968465128,15.399648303626602,5.0,5.0,5.0,4
14,3,18,3.00914482735549,3.009144827355491,19.802492501312866,19.802492501312877,19.600426251299467,18.657450417903632,5.0,5.0,5.0,6
14,3,19,2.3367026774494293,2.336702677449431,19.175124944936275,19.175124944936268,17.022815002137303,16.109713814283193,7.0,7.0,6.0,6
16,3,0,2.1475123619559584,2.1475123619559593,22.55068680815527,22.550686808155174,18.322433031626158,17.38282108128628,8.0,6.0,6.0,6
16,3,1,1.531003983003667,1.531003983003667,23.120760042077762,23.120760042077777,20.140349567903677,19.17698456615045,5.0,5.0,5.0,5
16,3,2,1.9826405024362417,1.9826405024362406,22.423659386059857,22.423659386059843,21.63532761076869,20.70100846968285,7.0,7.0,6.0,5
16,3,3,2.48368438752033,2.483684387520331,21.982307005095986,21.982307005095905,20.264939270322863,19.349009811777126,8.0,7.0,7.0,5
16,3,4,1.6691046717467048,1.6691046717467048,23.033798771185634,23.03379877118556,18.714961501588327,17.7552198861222,5.0,5.0,5.0,5
16,3,5,1.8794441531431731,1.8794441531431731,22.157486419384064,22.157486419384153,18.002957715749552,17.07972911494195,7.0,7.0,6.0,5
16,3,6,1.6338634206279907,1.6338634206279914,21.93981530166697,21.93981530166695,19.111635985436465,18.197477014533657,8.0,7.0,7.0,4
16,3,7,2.223723298936962,2.2237232989369624,22.574558346252285,22.57455834625225,18.34182865632998,17.40122205856944,7.0,6.0,6.0,4
16,3,8,1.0751370402649052,1.075137040264905,21.84514911344731,21.84514911344732,20.138496838959238,19.228282292565613,7.0,6.0,6.0,5
16,3,9,1.9208766645570323,1.9208766645570337,21.915306607192335,21.9153066071924,21.144846609283228,20.23170883398361,8.0,8.0,8.0,4
16,3,10,0.6055816281497839,0.6055816281497831,23.79125682897745,23.79125682897742,19.330396173544177,18.339093805670096,4.0,4.0,4.0,5
16,3,11,2.4790199547306893,2.479019954730689,22.47213595499958,22.47213595499956,18.258610463437158,17.32227146531216,7.0,6.0,6.0,5
16,3,12,1.7249734456827253,1.7249734456827255,23.452853863309837,23.45285386330973,20.429634419992553,19.45243217568789,4.0,4.0,4.0,6
16,3,13,2.24694257090226,2.2469425709022612,22.39552585575328,22.39552585575335,18.19636475779954,17.263217847143203,8.0,6.0,6.0,4
16,3,14,3.019557338810678,3.0195573388106767,22.85280201542378,22.85280201542378,19.90693300562306,18.954732921647068,5.0,5.0,5.0,6
16,3,15,1.21575312461687,1.2157531246168702,21.48761378197027,21.487613781970225,21.48761378197027,20.5922965410548,7.0,7.0,7.0,5
16,3,16,3.028824345224124,3.028824345224123,22.861943849803353,22.86194384980336,19.91489640041464,18.96231540667284,7.0,6.0,6.0,6
16,3,17,2.4668268856294713,2.466826885629473,22.941021297291375,22.941021297291382,21.148754008440488,20.192878121053354,5.0,5.0,5.0,5
16,3,18,1.7892478607704578,1.789247860770457,21.92423734128364,21.92423734128369,21.153463372254137,20.239953483034032,8.0,8.0,7.0,4
16,3,19,3.0815363422748465,3.0815363422748474,23.130469100067884,23.130469100067856,20.148807067637257,19.185037521801075,5.0,5.0,5.0,6
18,3,0,1.8661906388737903,1.8661906388737883,25.55926021648133,25.559260216481317,20.58940406327663,19.64276479599953,7.0,7.0,6.0,5
18,3,1,2.654966878469911,2.65496687846991,25.935466739413634,25.935466739413645,24.49460747611288,23.53403463391238,5.0,6.0,5.0,5
18,3,2,2.104547592137062,2.104547592137062,25.01858550527428,25.01858550527422,21.466564106377316,20.539949828404144,7.0,8.0,7.0,7
18,3,3,1.6304955558096899,1.63049555580969,25.803061415199025,25.803061415199114,20.785799473354775,19.830130532051168,6.0,7.0,6.0,5
18,3,4,1.756722589078674,1.756722589078674,24.483813814854127,24.48381381485412,22.141226690593395,21.234418771524712,8.0,8.0,7.0,5
18,3,5,1.9011465515134538,1.9011465515134525,25.770308369286834,25.770308369286813,22.111560884758454,21.157105019229295,7.0,7.0,6.0,6
18,3,6,1.5515423639585195,1.5515423639585175,24.072745908046834,24.07274590804689,21.769489355116427,20.877906173336964,8.0,7.0,7.0,5
18,3,7,0.8844006500682517,0.884400650068251,24.689926442059928,24.689926442059928,21.1845665151008,20.270124795024508,6.0,5.0,5.0,5
18,3,8,2.5053345424034847,2.5053345424034843,24.745067910840145,24.74506791084017,19.933526928176786,19.017042931479022,9.0,8.0,8.0,6
18,3,9,2.7475869180942785,2.747586918094278,25.031275975415735,25.031275975415653,20.164083424640452,19.23699912925462,9.0,8.0,8.0,6
18,3,10,2.463326753781309,2.4633267537813093,25.330383531538814,25.33038353153883,23.92314000200888,22.984977648988934,7.0,6.0,6.0,6
18,3,11,1.1156546631831437,1.1156546631831428,24.79774921308485,24.797749213084884,23.42009647902458,22.50166132298443,7.0,6.0,6.0,5
18,3,12,1.7734161587815442,1.7734161587815416,26.056800362960225,26.056800362960107,22.357378089206613,21.392311409096877,5.0,5.0,5.0,5
18,3,13,2.1713781984119866,2.1713781984119853,25.48792684670183,25.487926846701875,21.86927056599725,20.9252732753787,7.0,6.0,6.0,6
18,3,14,1.4394461327896557,1.439446132789655,25.613792425293322,25.61379242529327,20.633332787041844,19.684673808327233,7.0,7.0,7.0,5
18,3,15,3.0453448454946592,3.0453448454946606,25.929023758839943,25.929023758839904,20.88726913906551,19.92693492577511,7.0,6.0,6.0,5
18,3,16,2.995751417489661,2.995751417489658,25.55162223317821,25.5516222331782,20.58325124339356,19.63689486438695,7.0,6.0,6.0,6
18,3,17,1.72773881494369,1.7277388149436907,26.498294810939097,26.49829481093908,23.962964134583814,22.98154580825272,4.0,4.0,4.0,6
18,3,18,2.2584155759565196,2.2584155759565183,25.601613456537393,25.6016134565374,21.966816484312947,21.018608578515273,7.0,7.0,7.0,5
18,3,19,1.4220376815714202,1.4220376815714206,25.41519370249299,25.415193702493056,25.572077614236775,24.630774143774136,6.0,6.0,6.0,6
20,3,0,1.0434254054372256,1.0434254054372245,28.352827712157016,28.35282771215712,24.029021486053068,23.083927228981256,6.0,6.0,6.0,6
20,3,1,1.484733967369746,1.484733967369747,27.771232351505887,27.771232351505883,23.53611941790124,22.610411672851043,7.0,7.0,7.0,4
20,3,2,0.9969407999372975,0.9969407999372958,27.94506856682789,27.945068566827764,26.82726582415477,25.89576353859373,6.0,6.0,6.0,5
20,3,3,2.003558332571063,2.0035583325710618,27.747322179088954,27.74732217908897,24.69511673938917,23.77020600008622,8.0,8.0,8.0,6
20,3,4,2.416660719298714,2.416660719298715,28.143034723761247,28.14303472376118,23.85122192838766,22.91312077092889,8.0,8.0,8.0,6
20,3,5,2.0175884672339617,2.0175884672339626,28.382876988879268,28.38287698887933,24.05448824807518,23.108392348445925,7.0,7.0,7.0,7
20,3,6,2.245217455122239,2.2452174551222384,28.564020959607088,28.564020959607024,25.42197865405031,24.469844622063352,6.0,6.0,6.0,6
20,3,7,3.2363230572392645,3.2363230572392614,28.50844887653593,28.508448876535965,26.44158633298708,25.491304703769245,8.0,8.0,8.0,7
20,3,8,1.7366122452301134,1.7366122452301136,28.08390870784796,28.083908707848,24.994678749984686,24.05854845972312,8.0,8.0,8.0,5
20,3,9,0.8796499625985403,0.87964996259854,29.025416826154895,29.02541682615486,25.83262097527786,24.865107081072665,6.0,5.0,5.0,5
20,3,10,1.9013965557816288,1.9013965557816284,28.472469504883886,28.472469504883914,22.77797560390711,21.828893287077673,8.0,8.0,8.0,7
20,3,11,2.7428535411719746,2.7428535411719746,28.251288785829004,28.251288785828958,23.942967245990083,23.001257619795744,9.0,8.0,8.0,6
20,3,12,1.3374003084550579,1.3374003084550563,28.55883761599641,28.558837615996428,24.20361487955696,23.251653625690427,6.0,6.0,6.0,5
20,3,13,2.365566450365097,2.3655664503650966,29.078652037764535,29.07865203776454,25.880000313610438,24.910711912351626,6.0,5.0,5.0,5
20,3,14,2.4470477417163243,2.447047741716327,28.707062685829396,28.70706268582934,24.32923562624041,23.372333536712723,7.0,7.0,6.0,6
20,3,15,1.8607731007345154,1.860773100734517,28.395582589301682,28.395582589301785,22.716466071441346,21.769946651798037,6.0,7.0,6.0,5
20,3,16,1.8145080689934967,1.8145080689934951,28.14595826295694,28.14595826295688,22.51676661036555,21.578568001600278,8.0,8.0,8.0,6
20,3,17,2.146144713477493,2.146144713477492,28.743056583749343,28.743056583749404,22.994445266999474,22.036343380874545,7.0,6.0,7.0,5
20,3,18,1.0359690449941126,1.0359690449941137,27.811673787121308,27.811673787121173,26.69920683563646,25.772151042732286,8.0,7.0,7.0,5
20,3,19,2.243033099531906,2.2430330995319068,27.573460840186883,27.5734608401869,23.368508062058382,22.449392700718835,9.0,9.0,8.0,6
